order_id,order_date,asin,sku,category,marketplace,fulfillment_channel,quantity,item_price,shipping_fee,tax_amount,total_amount,currency,customer_country,is_refunded
AMZ359034951,08-02-25,3DCXNK3O2G,SKU-389452,Toys,Amazon.co.uk,FBM,1,63.2,11.7,6.32,81.22,USD,US,0
AMZ891492717,27-02-25,91LH9GWKQU,SKU-815928,Office Supplies,Amazon.de,FBM,3,38.99,6.89,3.9,127.76,USD,FR,0
AMZ525054555,09-02-25,J5YPWZ8235,SKU-779729,Home & Kitchen,Amazon.com,FBM,3,15.97,14.55,1.6,64.06,USD,UK,0
AMZ139069032,07-02-25,WMB8HDW9N0,SKU-659897,Electronics,Amazon.co.uk,FBA,2,62.73,2.75,6.27,134.48,USD,UK,0
AMZ471691210,22-01-25,18ADVW2946,SKU-520101,Beauty,Amazon.de,FBM,1,135.26,4.37,13.53,153.16,USD,FR,0
AMZ291554453,11-02-25,IUKQMDPLCW,SKU-869477,Beauty,Amazon.com,FBM,3,142.26,11.78,14.23,452.79,USD,US,0
AMZ963184403,24-02-25,OH1LGSAY89,SKU-606859,Home & Kitchen,Amazon.de,FBM,1,23.47,9.11,2.35,34.93,USD,UK,0
AMZ519212280,08-02-25,WW4B9Y29UT,SKU-027359,Office Supplies,Amazon.com,FBM,2,285.18,14.48,28.52,613.36,USD,DE,0
AMZ859967778,09-01-25,YV0D0X8IJ3,SKU-963930,Beauty,Amazon.de,FBA,2,38.32,10.26,3.83,90.73,USD,DE,0
AMZ266676502,07-01-25,O2BRP0DQJN,SKU-035473,Home & Kitchen,Amazon.co.uk,FBM,1,251.63,2.6,25.16,279.39,USD,US,0
AMZ330592941,19-02-25,ZKJQUFKNMD,SKU-042607,Toys,Amazon.co.uk,FBA,2,133.3,3.12,13.33,283.05,USD,CA,0
AMZ762662174,29-01-25,L8AK5U32T9,SKU-039716,Home & Kitchen,Amazon.de,FBM,3,254.26,6.75,25.43,794.96,USD,FR,0
AMZ434533385,05-02-25,38EX3G329K,SKU-254921,Electronics,Amazon.de,FBA,2,220.91,4.9,22.09,468.81,USD,UK,0
AMZ374710097,01-03-25,25KWG1ZFLU,SKU-453018,Electronics,Amazon.com,FBA,1,288.74,12.67,28.87,330.28,USD,UK,0
AMZ834892774,16-02-25,13X7UZ9UWW,SKU-778176,Beauty,Amazon.de,FBA,1,180.16,14.48,18.02,212.66,USD,FR,0
AMZ575167294,14-02-25,6ZK57DIYJT,SKU-850407,Beauty,Amazon.com,FBA,1,95.92,2.48,9.59,107.99,USD,US,0
AMZ653883823,09-01-25,D8G850YM2O,SKU-805545,Home & Kitchen,Amazon.com,FBA,1,67.63,0.08,6.76,74.47,USD,UK,0
AMZ144783971,17-01-25,IPOC4STRMZ,SKU-387106,Toys,Amazon.co.uk,FBA,3,239.15,9.09,23.92,750.46,USD,CA,0
AMZ891673917,27-02-25,2A0MZGTNAW,SKU-140185,Office Supplies,Amazon.de,FBM,1,275.34,12.75,27.53,315.62,USD,CA,0
AMZ660739756,02-02-25,B5OLWLYQ1E,SKU-850124,Toys,Amazon.co.uk,FBA,3,100.18,4.88,10.02,315.44,USD,CA,0
AMZ166575044,09-02-25,IJNDZQCRP6,SKU-792285,Home & Kitchen,Amazon.com,FBA,2,267.29,7.08,26.73,568.39,USD,FR,0
AMZ586927980,14-01-25,C399JB9X9P,SKU-907356,Office Supplies,Amazon.de,FBM,3,230.63,8.42,23.06,723.37,USD,FR,0
AMZ102389159,08-02-25,CCO9B4CMKI,SKU-177891,Electronics,Amazon.com,FBA,3,161.59,6.41,16.16,507.34,USD,FR,0
AMZ094135631,13-01-25,1R06AJBMJ3,SKU-613591,Home & Kitchen,Amazon.com,FBA,3,19.11,9.55,1.91,68.79,USD,CA,0
AMZ561580926,01-02-25,UCJ5XCT776,SKU-802876,Toys,Amazon.de,FBM,2,50.41,9.07,5.04,114.93,USD,DE,0
AMZ567300479,29-01-25,IKL6YN1IME,SKU-359538,Office Supplies,Amazon.de,FBM,1,32.32,4.35,3.23,39.9,USD,UK,0
AMZ456230958,02-01-25,BB9EGA0EFR,SKU-131492,Toys,Amazon.com,FBM,2,244.35,9.5,24.44,522.64,USD,UK,0
AMZ138833755,28-01-25,2NKR7KS4ZY,SKU-045820,Office Supplies,Amazon.co.uk,FBM,2,266.15,4.87,26.61,563.78,USD,US,0
AMZ467746999,25-01-25,MGY0WZ08FQ,SKU-665978,Beauty,Amazon.de,FBA,3,272.98,4.08,27.3,850.32,USD,CA,0
AMZ226195555,26-02-25,DSTEN7ASIR,SKU-498304,Office Supplies,Amazon.com,FBM,1,259.61,0.1,25.96,285.67,USD,FR,0
AMZ115445705,09-01-25,1OMDYUPCFK,SKU-495052,Sports,Amazon.de,FBM,2,74.41,1.8,7.44,158.06,USD,FR,0
AMZ967949509,15-01-25,LNUR3MLO47,SKU-608177,Home & Kitchen,Amazon.co.uk,FBA,3,103.73,7.78,10.37,329.34,USD,US,0
AMZ488177016,18-02-25,DZIY30SECS,SKU-089965,Toys,Amazon.de,FBA,2,291.82,14.44,29.18,627.26,USD,CA,0
AMZ835209958,02-01-25,WHN4YORMHL,SKU-421757,Office Supplies,Amazon.com,FBM,3,97.25,4.27,9.73,305.75,USD,UK,0
AMZ412360550,18-02-25,H4E6KK2TDO,SKU-556009,Beauty,Amazon.co.uk,FBA,2,155.78,0.77,15.58,327.91,USD,FR,0
AMZ978126121,02-02-25,20N8JNS5CN,SKU-496685,Sports,Amazon.co.uk,FBA,1,79.47,2.17,7.95,89.59,USD,UK,0
AMZ382920080,01-02-25,XJKRAHUJFZ,SKU-964934,Office Supplies,Amazon.de,FBA,2,80.2,10.08,8.02,178.5,USD,DE,0
AMZ021670550,28-02-25,LYN361062C,SKU-638314,Home & Kitchen,Amazon.co.uk,FBA,1,221.18,5.52,22.12,248.82,USD,US,0
AMZ580706524,06-01-25,09P472LWG4,SKU-637848,Beauty,Amazon.de,FBM,2,165.37,1.35,16.54,348.63,USD,FR,0
AMZ098975973,01-03-25,OR27CBEZCB,SKU-724287,Electronics,Amazon.de,FBA,3,64.09,0.61,6.41,199.29,USD,US,0
AMZ899259761,28-02-25,DNJ56ET0CB,SKU-340204,Home & Kitchen,Amazon.de,FBM,3,216.23,12.14,21.62,682.45,USD,US,0
AMZ265481444,07-01-25,1PLYXUAN2Q,SKU-815134,Office Supplies,Amazon.de,FBM,1,210.37,5.8,21.04,237.21,USD,UK,0
AMZ863056967,01-01-25,7IDNIX392J,SKU-305529,Office Supplies,Amazon.com,FBM,3,108.91,1.7,10.89,339.32,USD,FR,0
AMZ614064716,30-01-25,YIOA1RU36D,SKU-993481,Office Supplies,Amazon.co.uk,FBA,2,84.8,9.9,8.48,187.98,USD,UK,0
AMZ470522076,26-02-25,A1AB0DM481,SKU-460968,Toys,Amazon.com,FBM,1,80.14,1.4,8.01,89.55,USD,DE,0
AMZ867089924,06-02-25,GV7CCES42B,SKU-767108,Toys,Amazon.co.uk,FBM,3,64.73,4.18,6.47,204.84,USD,UK,0
AMZ993287916,16-01-25,6MVBZUM87T,SKU-682640,Toys,Amazon.co.uk,FBA,3,258.33,6.07,25.83,806.89,USD,CA,0
AMZ430210914,21-02-25,NWB3ZJX7C2,SKU-027445,Office Supplies,Amazon.de,FBM,3,281.33,11.78,28.13,883.9,USD,FR,0
AMZ863986236,04-02-25,RCBDWCZWBV,SKU-715019,Beauty,Amazon.com,FBM,2,282.64,14.6,28.26,608.14,USD,US,0
AMZ611361657,15-02-25,ZQ6D0PY29U,SKU-716595,Beauty,Amazon.co.uk,FBM,2,150.83,6.73,15.08,323.47,USD,FR,1
AMZ774163019,05-02-25,8YO6ONM71U,SKU-368390,Toys,Amazon.co.uk,FBA,1,15.24,7.41,1.52,24.17,USD,DE,0
AMZ533672243,25-02-25,BV08V1WFQ4,SKU-587730,Electronics,Amazon.co.uk,FBA,3,219.07,4.62,21.91,683.74,USD,UK,0
AMZ512844886,28-02-25,VOLCK0NM8W,SKU-552970,Sports,Amazon.co.uk,FBA,3,194.54,3.76,19.45,606.83,USD,UK,0
AMZ105616605,07-02-25,I5Y9FW33WO,SKU-700502,Office Supplies,Amazon.co.uk,FBA,1,151.16,13.59,15.12,179.87,USD,DE,0
AMZ276614108,21-01-25,KUZTKSEPU3,SKU-261809,Toys,Amazon.com,FBM,2,197.08,10.03,19.71,423.9,USD,CA,0
AMZ582504229,01-03-25,3J859RZJID,SKU-022898,Toys,Amazon.co.uk,FBA,1,154.77,8.58,15.48,178.83,USD,CA,0
AMZ676411626,17-01-25,OQTB84XBKD,SKU-460447,Electronics,Amazon.de,FBM,2,286.64,13.72,28.66,615.66,USD,UK,0
AMZ915809295,10-02-25,AZFX8AF0ZN,SKU-201891,Beauty,Amazon.com,FBA,1,279.21,6.42,27.92,313.55,USD,DE,1
AMZ097262350,04-02-25,PD6HQ8NZA5,SKU-396386,Beauty,Amazon.co.uk,FBM,1,31.85,4.59,3.19,39.63,USD,FR,0
AMZ602446276,02-02-25,18L3MX49N1,SKU-746444,Electronics,Amazon.de,FBM,3,59.15,8.35,5.92,191.72,USD,FR,0
AMZ624820324,27-02-25,NXKZOITMES,SKU-357245,Home & Kitchen,Amazon.com,FBM,3,175.32,1.46,17.53,544.95,USD,UK,0
AMZ916697126,22-01-25,77IX1FKH3P,SKU-163435,Electronics,Amazon.co.uk,FBM,3,50.62,7.77,5.06,164.69,USD,CA,0
AMZ410110555,17-01-25,CAXKNQOQ3I,SKU-560649,Beauty,Amazon.co.uk,FBA,1,49.62,10.63,4.96,65.21,USD,US,0
AMZ916398110,11-02-25,AIS2LQVK18,SKU-450736,Beauty,Amazon.de,FBM,3,131.74,3.84,13.17,412.23,USD,UK,0
AMZ112160627,01-03-25,ND9RZD5BTA,SKU-095313,Home & Kitchen,Amazon.com,FBA,2,11.5,9.42,1.15,33.57,USD,US,0
AMZ490840229,08-01-25,DA5QQQI2GH,SKU-888460,Sports,Amazon.com,FBM,2,240.78,13.35,24.08,518.99,USD,CA,0
AMZ695254500,28-01-25,ABS9XVACUG,SKU-270809,Electronics,Amazon.com,FBA,2,37.25,8.67,3.73,86.9,USD,FR,0
AMZ522855040,25-01-25,S2GIK1928D,SKU-117030,Home & Kitchen,Amazon.co.uk,FBA,2,167.37,4.3,16.74,355.78,USD,US,0
AMZ451515703,22-01-25,GFRVF3BMQL,SKU-089479,Sports,Amazon.co.uk,FBA,1,20.83,12.34,2.08,35.25,USD,FR,0
AMZ001261979,01-03-25,4BJHVTIQC5,SKU-962854,Office Supplies,Amazon.de,FBA,1,161.45,11.55,16.14,189.14,USD,UK,0
AMZ279520134,05-01-25,HXEGUSTH3G,SKU-773627,Beauty,Amazon.com,FBM,3,34.75,0.78,3.48,108.51,USD,FR,0
AMZ180568822,16-02-25,1QKHCCGS0N,SKU-441087,Office Supplies,Amazon.co.uk,FBA,3,194.85,10.89,19.48,614.92,USD,US,1
AMZ148045638,01-03-25,NWEVNPGXYM,SKU-202084,Sports,Amazon.co.uk,FBA,2,103.66,11.93,10.37,229.62,USD,DE,0
AMZ303390303,28-01-25,8C8G32IDE1,SKU-712180,Electronics,Amazon.de,FBA,2,32.75,0.38,3.28,69.16,USD,UK,1
AMZ259114116,23-01-25,F9OUYDQRK9,SKU-427734,Sports,Amazon.co.uk,FBM,3,211.83,6.13,21.18,662.8,USD,FR,0
AMZ886978354,01-01-25,AH5NSKWOVM,SKU-748908,Sports,Amazon.co.uk,FBM,3,82.57,8.24,8.26,264.21,USD,FR,0
AMZ941064298,09-02-25,79VM35VYBI,SKU-378508,Sports,Amazon.de,FBM,1,91.18,14.32,9.12,114.62,USD,FR,0
AMZ149452488,05-01-25,MYPF06J58A,SKU-002627,Beauty,Amazon.co.uk,FBM,2,221.71,0.72,22.17,466.31,USD,US,0
AMZ248437071,20-02-25,6GE5NW8Y7Y,SKU-350788,Home & Kitchen,Amazon.co.uk,FBA,1,44.85,5.13,4.49,54.47,USD,FR,0
AMZ599482053,16-02-25,83V8CERJMU,SKU-551289,Toys,Amazon.com,FBM,1,100.31,14.69,10.03,125.03,USD,FR,0
AMZ925169138,16-01-25,JBMUXTHU4I,SKU-776369,Office Supplies,Amazon.co.uk,FBA,2,231.38,12.1,23.14,498,USD,FR,0
AMZ636874251,30-01-25,L14W6OZQ05,SKU-936486,Office Supplies,Amazon.co.uk,FBM,1,125.57,9.24,12.56,147.37,USD,CA,0
AMZ124219545,03-02-25,NA383ZVYTQ,SKU-424036,Home & Kitchen,Amazon.co.uk,FBM,3,14.44,14,1.44,58.76,USD,DE,0
AMZ124615243,25-02-25,UUS6JQVZ90,SKU-555890,Home & Kitchen,Amazon.com,FBM,1,208.35,9.24,20.84,238.43,USD,UK,0
AMZ023963944,02-01-25,GUZZLWFFIN,SKU-686101,Toys,Amazon.co.uk,FBM,1,261.49,9.55,26.15,297.19,USD,UK,0
AMZ906442020,12-01-25,5S4HQ2H53S,SKU-547363,Office Supplies,Amazon.de,FBM,2,176.28,1.93,17.63,372.12,USD,DE,0
AMZ978285439,12-02-25,3H6MT7DA79,SKU-480074,Home & Kitchen,Amazon.de,FBM,1,191.52,12.31,19.15,222.98,USD,FR,0
AMZ813298369,12-02-25,HIN5OG0OA5,SKU-420793,Office Supplies,Amazon.co.uk,FBM,1,30.11,1.51,3.01,34.63,USD,UK,0
AMZ406196884,20-02-25,G92T133IAT,SKU-562417,Sports,Amazon.de,FBM,2,208.07,1.07,20.81,438.02,USD,CA,0
AMZ457183417,26-01-25,2020AAV4SE,SKU-813224,Home & Kitchen,Amazon.com,FBM,2,16.75,12.22,1.68,47.4,USD,FR,0
AMZ075012567,04-01-25,EY2CEOA9AQ,SKU-030327,Beauty,Amazon.de,FBA,2,212.05,9.43,21.21,454.74,USD,UK,0
AMZ373177652,05-02-25,EJYF4OHWH9,SKU-844541,Toys,Amazon.de,FBA,1,243.01,4.23,24.3,271.54,USD,US,0
AMZ212801417,09-01-25,ON4ICSMJ20,SKU-681854,Sports,Amazon.de,FBA,3,297.25,6.19,29.73,927.67,USD,FR,0
AMZ593838287,08-02-25,XS4LD3ZKIG,SKU-240796,Office Supplies,Amazon.co.uk,FBA,3,279.92,12.88,27.99,880.63,USD,FR,0
AMZ476389286,13-01-25,XD0Y97Y8KS,SKU-444833,Toys,Amazon.co.uk,FBM,3,228.82,1.55,22.88,710.89,USD,DE,0
AMZ381948198,20-01-25,YGT5THUQ1K,SKU-122649,Beauty,Amazon.de,FBA,1,102.81,13.43,10.28,126.52,USD,UK,0
AMZ082290027,12-01-25,0PBMB7PWFL,SKU-659441,Electronics,Amazon.com,FBA,1,272.56,1.37,27.26,301.19,USD,UK,0
AMZ709079024,14-01-25,SWR8J5RGSA,SKU-587942,Sports,Amazon.co.uk,FBM,3,285.68,8.6,28.57,894.21,USD,UK,0
AMZ278646531,22-02-25,NZXJK0UTIZ,SKU-212260,Beauty,Amazon.co.uk,FBA,1,95.03,4.93,9.5,109.46,USD,DE,0
AMZ934684115,05-02-25,EXWNEDNF9H,SKU-453719,Home & Kitchen,Amazon.com,FBA,1,239.56,11.84,23.96,275.36,USD,US,0
AMZ635492502,11-02-25,VJSX7E3VOO,SKU-550598,Office Supplies,Amazon.de,FBM,2,26.69,8.24,2.67,64.29,USD,US,0
AMZ886470304,23-01-25,JJHG09L596,SKU-248594,Beauty,Amazon.co.uk,FBM,1,111.77,1.76,11.18,124.71,USD,FR,0
AMZ836150266,10-01-25,WAABJ4KDGZ,SKU-487830,Electronics,Amazon.de,FBA,2,189.28,1.52,18.93,399.01,USD,UK,0
AMZ195777215,13-01-25,F86KCMXSGC,SKU-748224,Toys,Amazon.com,FBA,2,125.03,13.38,12.5,275.94,USD,FR,0
AMZ179668374,29-01-25,3BXN8XCH61,SKU-291950,Beauty,Amazon.com,FBA,1,77.64,8.72,7.76,94.12,USD,US,0
AMZ484172705,22-01-25,DA9FOR8ELK,SKU-019701,Electronics,Amazon.com,FBA,1,284.7,14.79,28.47,327.96,USD,US,0
AMZ885427718,06-01-25,4XD0DWBQ17,SKU-076725,Sports,Amazon.com,FBM,3,149.68,5.67,14.97,469.68,USD,DE,0
AMZ804044511,10-01-25,G085AMJLEA,SKU-945072,Sports,Amazon.de,FBA,2,105.77,6.52,10.58,228.64,USD,DE,0
AMZ118567323,19-02-25,6JS8GABP4N,SKU-997392,Sports,Amazon.com,FBM,2,26.33,1.78,2.63,57.07,USD,FR,0
AMZ614972813,10-02-25,DUH8FBW6PT,SKU-909384,Home & Kitchen,Amazon.de,FBA,3,226.35,8.75,22.64,710.44,USD,US,1
AMZ292051330,01-03-25,DCRU6R5THA,SKU-364869,Home & Kitchen,Amazon.co.uk,FBM,1,34.04,7.93,3.4,45.37,USD,CA,0
AMZ664053839,27-02-25,BLVZCFI5M7,SKU-101055,Beauty,Amazon.de,FBA,1,291.26,0.65,29.13,321.04,USD,US,0
AMZ762224719,23-02-25,M0KNGL8815,SKU-334701,Office Supplies,Amazon.co.uk,FBM,1,297.96,1.11,29.8,328.87,USD,UK,0
AMZ804039390,20-01-25,Z3WTJKPMAN,SKU-392257,Sports,Amazon.de,FBM,1,161.7,9.44,16.17,187.31,USD,DE,0
AMZ975002954,31-01-25,T09SF1E0H6,SKU-478526,Office Supplies,Amazon.co.uk,FBA,1,191.99,8.76,19.2,219.95,USD,US,0
AMZ722009106,26-02-25,8NA8MQ23YA,SKU-358777,Beauty,Amazon.co.uk,FBM,3,91.48,14.26,9.15,297.85,USD,FR,0
AMZ769226336,12-01-25,1Y673265FJ,SKU-874881,Beauty,Amazon.co.uk,FBA,1,90.44,2.82,9.04,102.3,USD,CA,0
AMZ592459714,27-02-25,4C1STOCE8I,SKU-129596,Sports,Amazon.co.uk,FBA,2,87.12,5.41,8.71,188.36,USD,FR,0
AMZ244606079,27-01-25,1L7OH3E53D,SKU-507881,Beauty,Amazon.co.uk,FBA,2,19.37,4.2,1.94,44.88,USD,CA,0
AMZ280175210,13-01-25,N1NQQG4QWU,SKU-706352,Sports,Amazon.co.uk,FBA,1,48.62,1.14,4.86,54.62,USD,US,0
AMZ601750108,20-02-25,JXGRMTLTQF,SKU-807058,Home & Kitchen,Amazon.de,FBM,1,187.89,6.27,18.79,212.95,USD,DE,0
AMZ856010761,19-02-25,CBGQ1AIJCU,SKU-215606,Toys,Amazon.co.uk,FBM,3,23.11,0.4,2.31,72.04,USD,UK,0
AMZ843718120,01-01-25,1JKG760F4X,SKU-883075,Toys,Amazon.de,FBA,2,296.31,2.26,29.63,624.51,USD,US,0
AMZ802062799,25-01-25,BWHKG9DAFR,SKU-880126,Electronics,Amazon.co.uk,FBM,2,250.46,8.54,25.05,534.51,USD,DE,0
AMZ304794336,10-02-25,W31S2ZW1SH,SKU-620718,Home & Kitchen,Amazon.de,FBM,3,48.82,0.21,4.88,151.55,USD,US,0
AMZ427782089,28-01-25,8X87N0BYH0,SKU-017657,Sports,Amazon.co.uk,FBM,1,164.96,11.25,16.5,192.71,USD,FR,0
AMZ617006811,23-01-25,UBY5X1JXEQ,SKU-728012,Toys,Amazon.com,FBA,1,220.58,11.36,22.06,254,USD,DE,0
AMZ220467444,21-01-25,KHMGQY5CBW,SKU-197690,Office Supplies,Amazon.de,FBA,2,69.46,3.77,6.95,149.64,USD,UK,0
AMZ391410203,04-01-25,GK0YRQQ6YX,SKU-745914,Home & Kitchen,Amazon.co.uk,FBM,2,264.68,11.35,26.47,567.18,USD,US,0
AMZ986248539,31-01-25,VBM3LPMMQR,SKU-677693,Home & Kitchen,Amazon.co.uk,FBA,3,204.76,7.8,20.48,642.56,USD,UK,0
AMZ578929273,28-02-25,JCPH4AGXX3,SKU-352334,Home & Kitchen,Amazon.com,FBA,2,257.13,8.28,25.71,548.25,USD,CA,0
AMZ819342835,30-01-25,HXLANAUZ0T,SKU-578204,Electronics,Amazon.de,FBM,3,127.01,2.01,12.7,395.74,USD,CA,0
AMZ253932117,15-01-25,ERUDNH7IZK,SKU-324850,Office Supplies,Amazon.com,FBA,1,189.89,10.56,18.99,219.44,USD,DE,0
AMZ132245141,07-02-25,ARMG2Q7V4E,SKU-295072,Toys,Amazon.com,FBA,2,111.67,8.85,11.17,243.36,USD,FR,0
AMZ138346884,27-01-25,CQRLMF8DJH,SKU-288962,Office Supplies,Amazon.de,FBM,3,272.21,5.22,27.22,849.07,USD,DE,0
AMZ999945674,24-01-25,MCL1QEVZF1,SKU-741897,Electronics,Amazon.de,FBM,3,125,9.33,12.5,396.83,USD,DE,0
AMZ947580523,05-01-25,ESD5WYRSRL,SKU-822933,Beauty,Amazon.de,FBM,1,52.65,13.9,5.27,71.82,USD,US,0
AMZ413281166,01-03-25,4LJJNJVLHJ,SKU-742292,Electronics,Amazon.com,FBA,1,294.21,7.39,29.42,331.02,USD,US,0
AMZ916720752,12-02-25,69FTPAK2C9,SKU-548597,Home & Kitchen,Amazon.com,FBM,3,79.64,1.14,7.96,248.02,USD,DE,0
AMZ668953397,24-02-25,ZXHS3QAL5Q,SKU-508448,Home & Kitchen,Amazon.co.uk,FBM,3,126.09,10.47,12.61,401.35,USD,CA,0
AMZ836136022,04-01-25,74ZY825PTL,SKU-017809,Beauty,Amazon.com,FBA,1,270.07,7.11,27.01,304.19,USD,FR,0
AMZ879506503,19-02-25,D9PSYU5FZU,SKU-790964,Electronics,Amazon.de,FBA,1,65.76,0.61,6.58,72.95,USD,UK,0
AMZ825596884,28-01-25,5EQ9KMSI8V,SKU-845524,Toys,Amazon.com,FBA,2,61.33,1.33,6.13,130.12,USD,US,0
AMZ473654547,10-02-25,CXJP3R1K9R,SKU-705414,Home & Kitchen,Amazon.de,FBA,2,269.32,1.93,26.93,567.5,USD,US,0
AMZ734537960,27-01-25,ACH8JNKBJN,SKU-591347,Home & Kitchen,Amazon.co.uk,FBA,1,36.76,7.22,3.68,47.66,USD,US,0
AMZ804223843,25-02-25,KFSRX3YCR4,SKU-176757,Electronics,Amazon.de,FBA,2,55.52,5.66,5.55,122.25,USD,DE,0
AMZ456689790,05-02-25,JCZKPWQRNR,SKU-697537,Beauty,Amazon.de,FBM,1,34.51,8.96,3.45,46.92,USD,FR,1
AMZ004460661,16-02-25,4KRP5NEXIT,SKU-211353,Electronics,Amazon.com,FBA,3,277.97,3.54,27.8,865.25,USD,FR,0
AMZ523245610,14-01-25,GHC3FPBX7F,SKU-086808,Beauty,Amazon.com,FBM,2,226.77,0.55,22.68,476.77,USD,CA,0
AMZ526542088,07-01-25,PLGC7BI35Q,SKU-035328,Sports,Amazon.com,FBA,3,269.61,7.68,26.96,843.47,USD,UK,0
AMZ928818469,14-02-25,37MRK9M71I,SKU-786785,Office Supplies,Amazon.co.uk,FBM,2,139.75,7.99,13.98,301.47,USD,UK,0
AMZ001053549,25-01-25,GE6YEOVY4F,SKU-813849,Toys,Amazon.co.uk,FBA,3,119.41,0.3,11.94,370.47,USD,CA,0
AMZ061412597,08-02-25,2ENKNJDV31,SKU-161106,Office Supplies,Amazon.com,FBA,2,104.97,1.8,10.5,222.24,USD,UK,0
AMZ612737668,20-01-25,QRTS0LOM16,SKU-416541,Electronics,Amazon.co.uk,FBM,1,206.94,11.84,20.69,239.47,USD,DE,0
AMZ470375652,16-02-25,WVGP35TBMG,SKU-041560,Beauty,Amazon.com,FBA,3,223.68,8.37,22.37,701.78,USD,CA,0
AMZ729273124,13-02-25,T67A2T112V,SKU-634909,Sports,Amazon.co.uk,FBA,3,119.84,5.06,11.98,376.56,USD,US,0
AMZ659025716,03-02-25,M8TUU9AE8X,SKU-138805,Toys,Amazon.co.uk,FBA,3,113.27,14.8,11.33,365.94,USD,FR,0
AMZ613030499,02-02-25,26VY4P6KSX,SKU-615546,Electronics,Amazon.de,FBA,1,39.52,2.29,3.95,45.76,USD,UK,0
AMZ889609727,04-01-25,4B7J7FT2HY,SKU-986620,Electronics,Amazon.com,FBM,2,64.1,4.28,6.41,138.89,USD,US,0
AMZ853336785,24-02-25,JBPEO2J01D,SKU-754839,Toys,Amazon.com,FBM,1,33.27,7.87,3.33,44.47,USD,DE,0
AMZ371238664,05-02-25,12ZEUXW3PP,SKU-852654,Electronics,Amazon.co.uk,FBA,3,270.02,8.64,27,845.7,USD,UK,0
AMZ279430884,15-01-25,Z7G977BGEX,SKU-058003,Home & Kitchen,Amazon.com,FBA,2,292.77,7.36,29.28,622.18,USD,US,0
AMZ861366272,26-02-25,EEZDNR9JCU,SKU-784158,Toys,Amazon.com,FBM,2,171.46,8.57,17.15,368.64,USD,DE,0
AMZ910942441,13-02-25,4UNJ84S930,SKU-991069,Office Supplies,Amazon.com,FBM,1,64.24,4.86,6.42,75.52,USD,DE,0
AMZ377326085,02-02-25,1K623VKVQ8,SKU-443131,Electronics,Amazon.co.uk,FBM,1,163.65,10.61,16.37,190.63,USD,UK,0
AMZ070338853,07-02-25,CM9EWC0KTZ,SKU-136603,Office Supplies,Amazon.com,FBM,1,156.77,13.98,15.68,186.43,USD,CA,0
AMZ055217728,03-01-25,AL3W7WL3HT,SKU-930963,Toys,Amazon.de,FBA,1,117.08,6.81,11.71,135.6,USD,CA,0
AMZ569241139,10-01-25,VSQYOMU1TJ,SKU-565251,Office Supplies,Amazon.com,FBA,2,103.48,12.15,10.35,229.46,USD,UK,0
AMZ707815387,06-02-25,V7A7N3RZ6R,SKU-908190,Electronics,Amazon.de,FBA,1,230.47,8.93,23.05,262.45,USD,CA,0
AMZ731271136,24-02-25,MQR6I2C2CM,SKU-716814,Beauty,Amazon.com,FBA,3,111.17,13.94,11.12,358.57,USD,DE,0
AMZ580359195,13-02-25,ZCD0KFTNO6,SKU-325563,Sports,Amazon.com,FBA,2,46.05,10.96,4.6,107.66,USD,CA,0
AMZ426383175,12-01-25,UIDDQBOBLS,SKU-057362,Home & Kitchen,Amazon.de,FBA,3,29.28,11.12,2.93,101.89,USD,FR,0
AMZ124739118,29-01-25,Y2HEEL5W3M,SKU-056291,Sports,Amazon.com,FBM,3,240.63,3.02,24.06,748.97,USD,FR,0
AMZ151863077,21-01-25,ZG116PN38R,SKU-465560,Home & Kitchen,Amazon.de,FBA,1,246.23,9.98,24.62,280.83,USD,UK,0
AMZ559698259,04-01-25,0RKVRRD0B3,SKU-958985,Sports,Amazon.co.uk,FBA,1,264.39,5.89,26.44,296.72,USD,CA,0
AMZ620012979,08-02-25,R01JNFS6ZO,SKU-104618,Office Supplies,Amazon.co.uk,FBM,2,270.9,9.36,27.09,578.25,USD,US,0
AMZ188576555,15-01-25,DT40EHMTZX,SKU-890685,Beauty,Amazon.com,FBA,1,77.34,13.49,7.73,98.56,USD,DE,0
AMZ719515018,14-01-25,ORK592LCAQ,SKU-667192,Office Supplies,Amazon.com,FBM,1,272.88,9.36,27.29,309.53,USD,US,0
AMZ353117531,06-01-25,BLWT8DP255,SKU-496358,Electronics,Amazon.de,FBM,3,192.04,5.02,19.2,600.34,USD,CA,0
AMZ319272416,15-01-25,35DUCZ4D8I,SKU-327679,Office Supplies,Amazon.de,FBA,3,189.82,8,18.98,596.44,USD,CA,0
AMZ978330049,05-02-25,E764A38YFI,SKU-192525,Home & Kitchen,Amazon.co.uk,FBM,1,53.99,4.68,5.4,64.07,USD,US,0
AMZ922390524,24-02-25,JYA01ISXEG,SKU-433060,Home & Kitchen,Amazon.de,FBA,1,19.72,8.55,1.97,30.24,USD,DE,0
AMZ024686363,28-02-25,7FQXR9BOOG,SKU-803630,Beauty,Amazon.co.uk,FBA,2,109.2,12.32,10.92,241.64,USD,DE,0
AMZ776882697,05-02-25,KV40U7SPF9,SKU-545906,Electronics,Amazon.de,FBM,1,46.97,5.96,4.7,57.63,USD,US,0
AMZ611024018,05-01-25,K7I93SI97R,SKU-134279,Home & Kitchen,Amazon.co.uk,FBA,1,76.48,10.83,7.65,94.96,USD,DE,0
AMZ244739157,31-01-25,I8RIHQ5PUG,SKU-090548,Home & Kitchen,Amazon.de,FBM,3,211.25,8.14,21.12,663.01,USD,DE,0
AMZ032883050,05-01-25,Z3GBHAX39U,SKU-375585,Electronics,Amazon.com,FBA,3,288.13,5.14,28.81,898.34,USD,US,0
AMZ849457903,23-01-25,YTEC1K8O84,SKU-598217,Toys,Amazon.co.uk,FBA,3,93.5,9.22,9.35,299.07,USD,DE,0
AMZ808138365,09-02-25,D573OCBSJT,SKU-693478,Office Supplies,Amazon.co.uk,FBA,2,39.23,3.84,3.92,86.22,USD,UK,0
AMZ705146806,12-02-25,Q8R7HP4UK0,SKU-637226,Sports,Amazon.de,FBM,1,277.52,10.61,27.75,315.88,USD,DE,0
AMZ626573467,28-01-25,X11UMMOWK5,SKU-925581,Home & Kitchen,Amazon.de,FBM,3,185.95,6.36,18.59,582.8,USD,DE,0
AMZ488330372,09-02-25,A1BHRTN9Y8,SKU-300730,Office Supplies,Amazon.co.uk,FBA,1,278.41,6.76,27.84,313.01,USD,FR,0
AMZ438600283,21-01-25,DG17G0AUZ0,SKU-282392,Office Supplies,Amazon.com,FBA,2,253.28,1.87,25.33,533.76,USD,US,0
AMZ479893306,23-02-25,31M3Q57HRS,SKU-492082,Home & Kitchen,Amazon.co.uk,FBM,3,75.94,9.12,7.59,244.53,USD,US,0
AMZ098129855,22-02-25,QF208YDISD,SKU-051972,Sports,Amazon.com,FBM,1,69.62,11.82,6.96,88.4,USD,FR,0
AMZ846230386,04-02-25,YDGWJD1KKP,SKU-328420,Sports,Amazon.de,FBM,3,130.21,12.95,13.02,416.6,USD,FR,0
AMZ042158190,07-01-25,NAR269K947,SKU-284686,Beauty,Amazon.de,FBA,2,149.44,13.78,14.94,327.6,USD,CA,0
AMZ700117103,28-02-25,TSUBSIWMIX,SKU-490037,Toys,Amazon.de,FBM,3,50.85,2.65,5.09,160.29,USD,CA,0
AMZ497674803,06-01-25,2UI0N5GNV1,SKU-902025,Sports,Amazon.co.uk,FBA,1,275.31,5.44,27.53,308.28,USD,US,0
AMZ868670898,22-01-25,1IFR9WFFYC,SKU-327530,Office Supplies,Amazon.de,FBA,2,13.8,9.95,1.38,38.93,USD,US,0
AMZ042292589,20-01-25,I311BDSS3N,SKU-183709,Sports,Amazon.de,FBA,1,53.11,6.22,5.31,64.64,USD,FR,0
AMZ129919584,09-02-25,WUBV81XKY5,SKU-364222,Beauty,Amazon.com,FBA,1,96.88,4.65,9.69,111.22,USD,US,0
AMZ540531208,20-02-25,0YXV772YSY,SKU-511791,Toys,Amazon.co.uk,FBM,3,241.94,5.24,24.19,755.25,USD,DE,0
AMZ478748869,18-02-25,BZS335JE33,SKU-561663,Office Supplies,Amazon.co.uk,FBM,1,119.54,12.55,11.95,144.04,USD,US,0
AMZ701815015,01-01-25,F9PWGP36WO,SKU-979887,Home & Kitchen,Amazon.com,FBM,2,217.08,7.91,21.71,463.78,USD,DE,0
AMZ748754024,18-02-25,THPGNICLUX,SKU-455471,Electronics,Amazon.co.uk,FBA,2,154.13,11.48,15.41,335.15,USD,CA,0
AMZ924936973,08-01-25,J6DHT23G2Z,SKU-487655,Electronics,Amazon.co.uk,FBM,1,31.9,11.3,3.19,46.39,USD,DE,0
AMZ926090214,19-01-25,OBKAQ1N4DX,SKU-793865,Home & Kitchen,Amazon.com,FBM,2,162.71,12.01,16.27,353.7,USD,DE,1
AMZ057851511,01-02-25,2TH58LGKHL,SKU-299340,Toys,Amazon.co.uk,FBA,2,261.43,6.12,26.14,555.12,USD,UK,0
AMZ687949235,03-01-25,83AY5RWPMY,SKU-432135,Beauty,Amazon.de,FBA,3,204.85,0.3,20.48,635.33,USD,DE,0
AMZ181310163,16-02-25,E7Y8JVIUQQ,SKU-737711,Home & Kitchen,Amazon.de,FBA,1,61.78,9.79,6.18,77.75,USD,DE,0
AMZ392740585,03-02-25,1KY0BLJYKK,SKU-400712,Electronics,Amazon.co.uk,FBM,3,80.52,10.83,8.05,260.44,USD,FR,0
AMZ980701505,12-02-25,78XWC75CK1,SKU-019301,Sports,Amazon.de,FBM,1,50.91,6.1,5.09,62.1,USD,UK,0
AMZ538265031,18-01-25,4LY31CQY6F,SKU-065703,Toys,Amazon.com,FBM,3,193.64,11.04,19.36,611.32,USD,CA,0
AMZ777104294,17-02-25,Z216WW42IY,SKU-541685,Home & Kitchen,Amazon.de,FBA,1,264.17,9.64,26.42,300.23,USD,CA,0
AMZ700825132,01-01-25,GWAATNGN5F,SKU-775603,Beauty,Amazon.co.uk,FBA,3,191.18,5.04,19.12,597.7,USD,CA,0
AMZ263111595,03-01-25,134T0VON8Z,SKU-988790,Office Supplies,Amazon.com,FBA,3,19.93,12.46,1.99,74.24,USD,UK,0
AMZ019265657,30-01-25,SOIJ520Z1Q,SKU-975901,Home & Kitchen,Amazon.de,FBA,1,136.48,4.42,13.65,154.55,USD,UK,0
AMZ162761979,22-01-25,Z5VZYGYHX2,SKU-822389,Electronics,Amazon.co.uk,FBM,1,261.86,7.31,26.19,295.36,USD,UK,0
AMZ624298337,01-02-25,UXVDIC4YNV,SKU-849937,Sports,Amazon.de,FBM,1,150.59,7.69,15.06,173.34,USD,DE,0
AMZ711369353,02-01-25,2L9EX61MPE,SKU-006941,Office Supplies,Amazon.de,FBM,1,126.74,3.27,12.67,142.68,USD,FR,0
AMZ536418793,15-02-25,FZ56SXRSWV,SKU-475189,Sports,Amazon.de,FBA,2,162.45,2.58,16.25,343.73,USD,US,0
AMZ300348113,11-01-25,A0A83QQ9RL,SKU-759753,Toys,Amazon.de,FBM,2,275.15,1.77,27.52,579.59,USD,UK,0
AMZ121083232,07-02-25,8KCO05C9Y2,SKU-035211,Toys,Amazon.com,FBM,2,170.71,9.77,17.07,368.26,USD,US,0
AMZ663690777,23-01-25,O9L2E01GRB,SKU-176731,Home & Kitchen,Amazon.de,FBA,1,13.19,2.05,1.32,16.56,USD,UK,0
AMZ094870673,06-01-25,FUUNUG5DOS,SKU-454091,Office Supplies,Amazon.de,FBA,3,183.25,9.01,18.32,577.08,USD,US,0
AMZ735501498,07-01-25,39GYOIR5SO,SKU-475692,Beauty,Amazon.com,FBA,2,275.18,6.28,27.52,584.16,USD,DE,0
AMZ620413799,27-02-25,HRFJI72FLC,SKU-400564,Sports,Amazon.com,FBA,2,23.62,2.49,2.36,52.09,USD,FR,0
AMZ083640379,20-02-25,A4VNAP4KDR,SKU-570578,Office Supplies,Amazon.co.uk,FBM,1,184.91,3.68,18.49,207.08,USD,US,0
AMZ137639463,09-02-25,JSO0YA4SHI,SKU-642310,Beauty,Amazon.com,FBM,3,113.15,10.79,11.32,361.56,USD,CA,0
AMZ264382253,04-02-25,PXB9N09KX8,SKU-527381,Sports,Amazon.co.uk,FBM,2,148.05,9.96,14.81,320.87,USD,UK,0
AMZ196230229,05-01-25,VFNE0ABE4G,SKU-672908,Electronics,Amazon.com,FBA,1,88.27,8.1,8.83,105.2,USD,DE,0
AMZ708034668,21-02-25,1XZ32GW1X5,SKU-899139,Toys,Amazon.com,FBA,3,255.46,14.33,25.55,806.26,USD,UK,0
AMZ999915758,09-01-25,MY00QIY29U,SKU-098318,Home & Kitchen,Amazon.com,FBA,2,147.53,5.17,14.75,314.98,USD,US,0
AMZ626714651,01-01-25,DNF624UBMO,SKU-309627,Electronics,Amazon.de,FBM,1,214.43,8.97,21.44,244.84,USD,DE,0
AMZ732163239,04-02-25,IUHUX3KZ71,SKU-744451,Home & Kitchen,Amazon.de,FBA,3,32.55,0.04,3.25,100.94,USD,US,1
AMZ761440105,07-02-25,UTZDYC6JHS,SKU-570426,Office Supplies,Amazon.de,FBM,2,39.9,4.72,3.99,88.51,USD,DE,0
AMZ451510539,18-02-25,D5SAB4L88M,SKU-230101,Office Supplies,Amazon.de,FBA,1,239.1,10.36,23.91,273.37,USD,UK,0
AMZ879070802,12-01-25,4AK79JHLCS,SKU-570334,Toys,Amazon.com,FBA,2,287.87,11.38,28.79,615.91,USD,UK,0
AMZ970538826,17-01-25,M9YVBGUNRB,SKU-940258,Office Supplies,Amazon.co.uk,FBM,3,219.99,9.56,22,691.53,USD,UK,1
AMZ658754229,18-01-25,0780AHLF66,SKU-205588,Electronics,Amazon.com,FBM,1,197.53,10.4,19.75,227.68,USD,FR,0
AMZ365302738,26-01-25,YM9YPTS4R0,SKU-296389,Toys,Amazon.com,FBA,3,22.81,8.82,2.28,79.53,USD,FR,1
AMZ539458814,26-01-25,3TETKYKYYG,SKU-014298,Electronics,Amazon.de,FBM,1,147.23,4.69,14.72,166.64,USD,US,0
AMZ201885689,07-01-25,7LAKLQXJDR,SKU-039339,Sports,Amazon.de,FBM,1,65.85,1.73,6.58,74.16,USD,DE,0
AMZ609990602,29-01-25,R9261GG0LD,SKU-548989,Sports,Amazon.de,FBM,2,226.07,0.82,22.61,475.57,USD,US,0
AMZ154140455,28-02-25,3CX2QVFU8G,SKU-197995,Beauty,Amazon.com,FBM,2,196.92,9.75,19.69,423.28,USD,CA,0
AMZ950796522,13-02-25,V6BN5O0L7V,SKU-824542,Beauty,Amazon.de,FBM,1,32.32,10.44,3.23,45.99,USD,UK,0
AMZ391976304,24-02-25,7B29LPAHL1,SKU-473301,Toys,Amazon.de,FBA,3,28.95,4.73,2.9,94.48,USD,DE,0
AMZ415089662,29-01-25,2E6KW9JCIK,SKU-603354,Toys,Amazon.de,FBA,2,102.44,9.39,10.24,224.51,USD,DE,0
AMZ194894717,11-02-25,PRNT21LUJZ,SKU-155023,Toys,Amazon.com,FBA,2,131.08,6.93,13.11,282.2,USD,DE,1
AMZ918419040,28-02-25,1NK52EJJZ0,SKU-403675,Electronics,Amazon.co.uk,FBM,3,63.79,5.76,6.38,203.51,USD,CA,0
AMZ442670997,28-02-25,9UIKMH264P,SKU-502690,Office Supplies,Amazon.co.uk,FBM,3,12.75,0.79,1.28,40.32,USD,DE,0
AMZ541340832,22-02-25,FJN4Z49L0Q,SKU-053953,Toys,Amazon.de,FBA,1,178.42,4.08,17.84,200.34,USD,DE,0
AMZ267169498,30-01-25,YUY29J5EC0,SKU-521508,Home & Kitchen,Amazon.de,FBA,1,107.55,7.84,10.76,126.15,USD,CA,0
AMZ850413265,18-02-25,T9HZTY9IIF,SKU-459288,Toys,Amazon.de,FBA,3,145.52,4.46,14.55,455.57,USD,US,0
AMZ209477496,18-01-25,W9DJGATBLW,SKU-211032,Toys,Amazon.de,FBM,2,180.84,4.16,18.08,383.92,USD,FR,0
AMZ355567748,15-01-25,8W3OUVZE4A,SKU-144100,Beauty,Amazon.de,FBM,1,41.75,5.87,4.17,51.79,USD,DE,0
AMZ782556115,28-02-25,313DNC0724,SKU-532811,Office Supplies,Amazon.com,FBA,2,241.42,3.88,24.14,510.86,USD,CA,0
AMZ084112894,08-02-25,NZKBFCG6J3,SKU-422993,Office Supplies,Amazon.de,FBA,3,283.97,7.01,28.4,887.32,USD,DE,0
AMZ157602285,25-01-25,0W21UQ77CN,SKU-645390,Office Supplies,Amazon.com,FBA,3,297.44,3.48,29.74,925.54,USD,CA,0
AMZ788192389,23-02-25,S5EFCNQX4U,SKU-280507,Electronics,Amazon.com,FBA,1,250.89,1.81,25.09,277.79,USD,CA,0
AMZ791496640,26-02-25,BQWZHGNQ7U,SKU-116728,Beauty,Amazon.co.uk,FBM,2,20.65,14.36,2.06,57.72,USD,US,0
AMZ765712389,05-01-25,N5UHVZ46RI,SKU-822687,Toys,Amazon.co.uk,FBA,1,192.64,3.24,19.26,215.14,USD,FR,0
AMZ991833187,20-01-25,PSUUOYOV0K,SKU-413591,Beauty,Amazon.co.uk,FBM,2,162.26,3.9,16.23,344.65,USD,US,0
AMZ669449284,18-01-25,WF7NGBFLEE,SKU-045064,Sports,Amazon.com,FBA,2,298.94,13.46,29.89,641.23,USD,DE,0
AMZ501342185,13-01-25,AZWJLYN0ER,SKU-388867,Toys,Amazon.de,FBM,1,165.72,8.89,16.57,191.18,USD,CA,0
AMZ646253589,03-02-25,1LYB5EOKY5,SKU-952658,Electronics,Amazon.com,FBA,3,264.46,3.98,26.45,823.81,USD,US,0
AMZ635094654,09-01-25,ULI140IJTM,SKU-986691,Electronics,Amazon.co.uk,FBM,3,287.14,12.93,28.71,903.06,USD,CA,0
AMZ291614343,09-02-25,XWCPVL1YXU,SKU-916950,Beauty,Amazon.de,FBM,1,169.75,1.3,16.98,188.03,USD,CA,0
AMZ892262317,15-01-25,WMZAHJOFKE,SKU-721510,Office Supplies,Amazon.de,FBA,2,85.33,10.85,8.53,190.04,USD,DE,0
AMZ007798691,06-01-25,S2ZQO0IFW4,SKU-956907,Home & Kitchen,Amazon.de,FBA,1,73.85,10.25,7.38,91.48,USD,US,0
AMZ818760111,17-01-25,8ZS1RKFZ24,SKU-355957,Office Supplies,Amazon.com,FBA,2,153.59,7.21,15.36,329.75,USD,UK,0
AMZ931290364,27-02-25,7862A326SS,SKU-155027,Office Supplies,Amazon.de,FBM,3,110.86,10.17,11.09,353.84,USD,DE,0
AMZ378561743,14-02-25,K32ORCCXWM,SKU-933371,Home & Kitchen,Amazon.co.uk,FBM,1,264.8,11.96,26.48,303.24,USD,DE,0
AMZ732778346,02-02-25,7LK6MJ2ONL,SKU-108623,Toys,Amazon.de,FBA,3,261.52,10.63,26.15,821.34,USD,FR,0
AMZ294512238,25-01-25,TZU0UW7HSO,SKU-845679,Sports,Amazon.de,FBM,1,207.24,9.28,20.72,237.24,USD,FR,0
AMZ792991473,07-01-25,ID2OW0UL1M,SKU-921479,Toys,Amazon.de,FBM,1,265.45,13.08,26.55,305.08,USD,FR,0
AMZ284611616,23-01-25,JZGFG14XAT,SKU-009758,Toys,Amazon.co.uk,FBA,2,47.37,5.03,4.74,104.51,USD,FR,0
AMZ353576702,31-01-25,CI64M9T8GA,SKU-119539,Home & Kitchen,Amazon.com,FBA,2,247.21,12.48,24.72,531.62,USD,UK,0
AMZ779726805,08-02-25,X6C4SCG84S,SKU-215403,Electronics,Amazon.com,FBM,2,93.24,9.25,9.32,205.05,USD,DE,1
AMZ149815637,17-01-25,0SG4EJPBI1,SKU-659875,Beauty,Amazon.co.uk,FBA,3,119.24,0.14,11.92,369.78,USD,DE,0
AMZ717971598,17-02-25,HPZ5UC4AT8,SKU-848584,Sports,Amazon.com,FBM,2,92.17,0.28,9.22,193.84,USD,US,0
AMZ043485804,03-02-25,WP8GUCWDA9,SKU-838424,Electronics,Amazon.com,FBM,3,123.72,2.69,12.37,386.22,USD,DE,0
AMZ640061795,22-01-25,ARDHMK14GY,SKU-098713,Sports,Amazon.com,FBM,2,284.72,2.5,28.47,600.41,USD,US,0
AMZ347030597,17-01-25,XUL7GWZMGK,SKU-761788,Sports,Amazon.co.uk,FBA,2,147.34,0.87,14.73,310.28,USD,FR,0
AMZ740438529,18-01-25,8OZNDEU0J5,SKU-464219,Beauty,Amazon.co.uk,FBM,2,297.14,10.14,29.71,634.13,USD,CA,0
AMZ116416372,28-02-25,RX5HWVAUIR,SKU-809156,Sports,Amazon.co.uk,FBM,3,182.37,5.75,18.24,571.1,USD,US,0
AMZ940311193,02-02-25,INRMVGT0S0,SKU-882737,Toys,Amazon.com,FBA,2,117.83,12.28,11.78,259.72,USD,CA,0
AMZ300302067,23-01-25,XGE09YT6GM,SKU-370264,Home & Kitchen,Amazon.co.uk,FBA,2,56.09,7.03,5.61,124.82,USD,FR,0
AMZ279790582,04-02-25,SAHN7AX32U,SKU-495223,Home & Kitchen,Amazon.com,FBM,1,257.72,7.91,25.77,291.4,USD,FR,0
AMZ022609566,11-01-25,79FTGBLFRT,SKU-712281,Toys,Amazon.co.uk,FBM,2,234.12,3.45,23.41,495.1,USD,UK,0
AMZ047711541,03-01-25,PZFZHZTVHO,SKU-778245,Beauty,Amazon.com,FBM,1,289.34,0.47,28.93,318.74,USD,FR,0
AMZ077145466,16-02-25,PCTTMHNBK9,SKU-992416,Home & Kitchen,Amazon.co.uk,FBM,1,195.17,5.96,19.52,220.65,USD,UK,0
AMZ953340028,03-01-25,R2I6XZOJTW,SKU-944545,Electronics,Amazon.co.uk,FBM,3,128.71,13.41,12.87,412.41,USD,DE,0
AMZ213876510,04-02-25,8SXZ3LQW3V,SKU-994324,Toys,Amazon.de,FBM,1,198.98,5.53,19.9,224.41,USD,UK,0
AMZ470887835,16-01-25,DVHJ70OYVM,SKU-672263,Electronics,Amazon.com,FBM,3,290.78,2.78,29.08,904.2,USD,US,0
AMZ801639655,22-02-25,M2WPAPLBXJ,SKU-653461,Sports,Amazon.com,FBM,3,141.57,7.96,14.16,446.83,USD,CA,0
AMZ939546226,29-01-25,0XS0LZBZHN,SKU-865911,Home & Kitchen,Amazon.co.uk,FBA,1,274.43,14.51,27.44,316.38,USD,DE,0
AMZ516467414,15-01-25,VRM1O127MK,SKU-767171,Home & Kitchen,Amazon.de,FBA,1,10.36,8.97,1.04,20.37,USD,FR,0
AMZ461941952,20-01-25,DX7WO33U3R,SKU-376516,Toys,Amazon.co.uk,FBA,1,68.15,7.37,6.82,82.34,USD,US,0
AMZ827342571,23-02-25,798RSA5R1K,SKU-817039,Sports,Amazon.com,FBA,1,88.01,11.96,8.8,108.77,USD,UK,0
AMZ119306080,13-01-25,KYWKY5MMDM,SKU-995497,Toys,Amazon.co.uk,FBA,1,13.37,1.09,1.34,15.8,USD,FR,0
AMZ336178419,15-02-25,33DNPNX84I,SKU-904479,Office Supplies,Amazon.de,FBM,3,184.01,4.37,18.4,574.8,USD,CA,0
AMZ685970728,02-02-25,0G4JL5DZLN,SKU-283293,Toys,Amazon.com,FBA,2,273.27,10.86,27.33,584.73,USD,DE,0
AMZ777173591,10-02-25,1JKFOUO6CW,SKU-045931,Office Supplies,Amazon.de,FBA,1,39.81,8.56,3.98,52.35,USD,DE,0
AMZ079258910,23-02-25,HMGADDQRVL,SKU-859189,Sports,Amazon.co.uk,FBM,2,71,5.19,7.1,154.29,USD,US,0
AMZ849216155,19-02-25,1A2L8P57ZU,SKU-900097,Sports,Amazon.com,FBA,1,160.14,1.32,16.01,177.47,USD,UK,0
AMZ516755345,02-02-25,ONFX7UDJFJ,SKU-383998,Sports,Amazon.de,FBA,1,32.79,5.95,3.28,42.02,USD,US,0
AMZ835778547,08-02-25,SQXBVRATKZ,SKU-480599,Toys,Amazon.de,FBA,2,209.94,12.01,20.99,452.88,USD,DE,0
AMZ715489240,24-02-25,RASNLIU8SM,SKU-650236,Electronics,Amazon.de,FBA,1,285.95,1.86,28.59,316.4,USD,DE,0
AMZ370428503,09-01-25,1MJM4NH0GM,SKU-135135,Home & Kitchen,Amazon.de,FBM,2,188.82,9.19,18.88,405.71,USD,CA,0
AMZ024444271,12-01-25,43IQEA2CDN,SKU-546680,Beauty,Amazon.co.uk,FBA,2,191.34,11.75,19.13,413.56,USD,CA,0
AMZ791610120,07-01-25,1HWAG6Y8W5,SKU-995513,Toys,Amazon.com,FBM,3,269.5,8.21,26.95,843.66,USD,US,0
AMZ318051676,26-01-25,NF3HIUXBCR,SKU-011485,Sports,Amazon.com,FBA,3,196.64,7.9,19.66,617.48,USD,CA,0
AMZ801028023,11-01-25,CA9AZGSC34,SKU-757913,Sports,Amazon.com,FBA,2,27.5,3.71,2.75,61.46,USD,UK,0
AMZ097901177,14-02-25,ZY5ASE8ET3,SKU-813568,Beauty,Amazon.com,FBA,3,73.57,14.64,7.36,242.71,USD,US,0
AMZ588976552,08-01-25,NQHE6BSLO5,SKU-546475,Home & Kitchen,Amazon.de,FBM,1,239.01,9.88,23.9,272.79,USD,US,0
AMZ025520953,18-01-25,00BMRA45IJ,SKU-863716,Office Supplies,Amazon.com,FBA,2,218.57,3.43,21.86,462.43,USD,FR,1
AMZ103607336,10-02-25,IOOKAD7L45,SKU-952791,Toys,Amazon.de,FBM,3,198.59,2.99,19.86,618.62,USD,UK,0
AMZ546766517,29-01-25,FRLRJWTJN8,SKU-141254,Beauty,Amazon.co.uk,FBA,2,18.89,3.87,1.89,43.54,USD,UK,0
AMZ712253102,30-01-25,V7AB9QC7XU,SKU-097772,Beauty,Amazon.de,FBM,1,220.88,11.14,22.09,254.11,USD,CA,0
AMZ241457790,04-01-25,A876K82GDL,SKU-282258,Home & Kitchen,Amazon.de,FBA,2,296.42,0.6,29.64,623.08,USD,CA,0
AMZ962371681,01-02-25,F4EVK4C8ZS,SKU-430026,Beauty,Amazon.co.uk,FBM,1,137.2,10.88,13.72,161.8,USD,DE,0
AMZ887688516,02-01-25,CEGDSR4YFH,SKU-127590,Beauty,Amazon.com,FBM,3,271.2,6.33,27.12,847.05,USD,CA,0
AMZ757557068,20-02-25,TL8JXUFNEE,SKU-112352,Toys,Amazon.com,FBA,2,274.59,3.16,27.46,579.8,USD,DE,0
AMZ736495622,09-02-25,YC7A1QVKLB,SKU-061804,Sports,Amazon.com,FBM,1,222.6,1.97,22.26,246.83,USD,US,0
AMZ028561273,17-02-25,GP7LHJTAX8,SKU-603838,Beauty,Amazon.co.uk,FBA,2,62.11,3.56,6.21,133.99,USD,DE,1
AMZ809576410,24-02-25,GVEIBCQKXQ,SKU-792202,Toys,Amazon.co.uk,FBA,1,257.77,7.38,25.78,290.93,USD,UK,0
AMZ067559921,01-03-25,YAZ65JD488,SKU-284865,Sports,Amazon.de,FBM,1,139.14,7.72,13.91,160.77,USD,US,0
AMZ208473296,02-01-25,XHTPLYKC8A,SKU-357640,Beauty,Amazon.de,FBM,3,57.42,5.87,5.74,183.87,USD,CA,1
AMZ879426749,02-01-25,DWHCYVZ2RN,SKU-553788,Sports,Amazon.de,FBA,3,200.45,4.88,20.05,626.28,USD,US,0
AMZ373496132,25-02-25,2ABLMEF59Q,SKU-229535,Sports,Amazon.com,FBM,1,78.74,3.52,7.87,90.13,USD,DE,0
AMZ526809667,23-02-25,OCCKM1E8TS,SKU-112162,Toys,Amazon.co.uk,FBA,2,105.96,6.73,10.6,229.25,USD,FR,0
AMZ949337434,10-02-25,9H9GSAEAD9,SKU-418873,Toys,Amazon.co.uk,FBM,1,140.34,8.82,14.03,163.19,USD,CA,0
AMZ718010855,26-02-25,XKQJJQ631D,SKU-835576,Office Supplies,Amazon.co.uk,FBM,2,58.61,0.55,5.86,123.63,USD,CA,0
AMZ865974903,06-02-25,O2W1A6BQ61,SKU-410167,Sports,Amazon.com,FBM,1,236.72,10.58,23.67,270.97,USD,CA,0
AMZ220234407,16-02-25,KQH098XTXE,SKU-253511,Office Supplies,Amazon.co.uk,FBM,3,171.86,8.1,17.19,540.87,USD,US,0
AMZ314178105,14-01-25,9N5HYY1WJ9,SKU-145034,Electronics,Amazon.co.uk,FBM,2,45.66,3.47,4.57,99.36,USD,FR,0
AMZ686123857,01-01-25,HVSMP1FAJ9,SKU-215340,Home & Kitchen,Amazon.co.uk,FBA,3,75.16,2.7,7.52,235.7,USD,DE,0
AMZ579800652,02-02-25,2ZV2KNT3XB,SKU-297181,Office Supplies,Amazon.com,FBA,1,179.55,10.32,17.96,207.83,USD,CA,0
AMZ276773570,19-02-25,94LBK5WD6E,SKU-383646,Toys,Amazon.com,FBM,3,11.43,14.28,1.14,49.71,USD,US,0
AMZ303647622,26-02-25,C03FW4GD43,SKU-472541,Sports,Amazon.com,FBM,3,141.87,7.73,14.19,447.53,USD,UK,0
AMZ843251724,13-02-25,NC2IWI2M1B,SKU-696859,Office Supplies,Amazon.co.uk,FBA,2,50.5,0.45,5.05,106.5,USD,UK,0
AMZ029193325,16-01-25,R65775UWDP,SKU-016213,Beauty,Amazon.com,FBM,2,68.54,10.1,6.85,154.03,USD,DE,1
AMZ832417610,01-01-25,IK7XFZJI0H,SKU-458132,Beauty,Amazon.com,FBA,3,205.05,6.66,20.51,642.32,USD,FR,0
AMZ493743669,22-01-25,1VZORXTYXF,SKU-334789,Sports,Amazon.co.uk,FBM,3,210.86,12.57,21.09,666.24,USD,FR,0
AMZ373517119,10-01-25,36U54QRQ0C,SKU-340230,Beauty,Amazon.de,FBA,2,154.18,9.27,15.42,333.05,USD,CA,0
AMZ344923519,09-02-25,JZ5MIGOL3I,SKU-473669,Office Supplies,Amazon.co.uk,FBM,1,18.81,13.96,1.88,34.65,USD,CA,0
AMZ792807984,02-02-25,ITU43KQ8UY,SKU-233694,Toys,Amazon.co.uk,FBM,1,72.55,9.88,7.25,89.68,USD,FR,0
AMZ201726896,05-01-25,66CD6371J4,SKU-172253,Electronics,Amazon.com,FBM,1,40.91,9.87,4.09,54.87,USD,UK,1
AMZ949234757,06-01-25,84PDE9LTFU,SKU-870427,Toys,Amazon.co.uk,FBM,3,293.38,6.1,29.34,915.58,USD,US,0
AMZ746191991,09-01-25,5MTZXDIE5U,SKU-211851,Toys,Amazon.com,FBA,1,174.43,11.08,17.44,202.95,USD,DE,0
AMZ718877740,07-02-25,DJTTVT3W4P,SKU-794124,Office Supplies,Amazon.com,FBM,2,278.45,6.57,27.84,591.31,USD,DE,0
AMZ554478477,13-01-25,9K1H0XXHOG,SKU-318130,Electronics,Amazon.de,FBA,1,101.99,13.03,10.2,125.22,USD,US,0
AMZ988744218,23-02-25,N82PG0V3CK,SKU-459928,Office Supplies,Amazon.de,FBA,3,11.67,4.87,1.17,41.05,USD,DE,0
AMZ026671903,07-01-25,VW2DMFLWGA,SKU-353180,Beauty,Amazon.co.uk,FBA,3,211.69,5.83,21.17,662.07,USD,UK,0
AMZ973142238,18-02-25,LGRYZTEQWO,SKU-621316,Beauty,Amazon.co.uk,FBA,1,138.88,0.22,13.89,152.99,USD,CA,0
AMZ001319047,08-01-25,CUWNB5NOTN,SKU-398140,Electronics,Amazon.com,FBA,2,196.35,11.39,19.64,423.73,USD,FR,0
AMZ239720203,21-01-25,LA416BBJYP,SKU-808373,Home & Kitchen,Amazon.com,FBM,2,285.93,12.71,28.59,613.16,USD,US,0
AMZ556151199,29-01-25,9LXAV9D9H0,SKU-284472,Beauty,Amazon.com,FBM,2,41.59,2.23,4.16,89.57,USD,UK,0
AMZ895797934,15-01-25,WO4O8OOV1G,SKU-222373,Electronics,Amazon.de,FBM,3,124.37,8.24,12.44,393.79,USD,DE,0
AMZ521404629,13-02-25,I72U2RFHXU,SKU-480580,Toys,Amazon.co.uk,FBM,3,161.16,12.34,16.12,511.94,USD,FR,0
AMZ958504173,16-01-25,URSDK2K36I,SKU-928277,Office Supplies,Amazon.com,FBA,3,30.67,14.32,3.07,109.4,USD,CA,0
AMZ492545133,20-02-25,HQDERT5D5Z,SKU-909143,Toys,Amazon.de,FBM,3,67.17,7.19,6.72,215.42,USD,FR,0
AMZ502421510,14-01-25,PQGO8K3SJZ,SKU-352247,Electronics,Amazon.de,FBM,1,189.03,7.85,18.9,215.78,USD,FR,0
AMZ709407066,29-01-25,J9WB6UL92C,SKU-353433,Office Supplies,Amazon.de,FBA,3,164.36,8.71,16.44,518.23,USD,UK,0
AMZ477327953,30-01-25,7MF37REC7G,SKU-321071,Sports,Amazon.de,FBM,2,125.97,14.65,12.6,279.19,USD,FR,0
AMZ734599029,30-01-25,T3M3JII8AC,SKU-110721,Beauty,Amazon.co.uk,FBM,3,45.73,12.89,4.57,154.65,USD,UK,0
AMZ394279642,31-01-25,666KH6DJDD,SKU-821296,Sports,Amazon.co.uk,FBM,3,95.63,11.9,9.56,308.35,USD,US,0
AMZ104248361,25-02-25,I6V0COZNHK,SKU-032223,Home & Kitchen,Amazon.de,FBA,2,243.74,8.25,24.37,520.1,USD,UK,0
AMZ625577976,11-02-25,NOL3V554WN,SKU-378584,Office Supplies,Amazon.com,FBM,3,285.91,9.02,28.59,895.34,USD,FR,0
AMZ612816548,22-01-25,BIPWJA3SPZ,SKU-474787,Sports,Amazon.com,FBA,1,240.19,9.7,24.02,273.91,USD,FR,0
AMZ497429472,26-02-25,VLK6YY502K,SKU-326644,Sports,Amazon.de,FBA,1,272.71,11.55,27.27,311.53,USD,US,0
AMZ554796505,27-01-25,LSJPFV3LUW,SKU-817117,Home & Kitchen,Amazon.com,FBM,1,97.6,10.98,9.76,118.34,USD,US,0
AMZ491607367,08-02-25,5369MAYZLN,SKU-165167,Home & Kitchen,Amazon.com,FBM,2,244.76,11.5,24.48,525.5,USD,CA,0
AMZ242421094,24-02-25,OSKOTVGX4V,SKU-991394,Toys,Amazon.co.uk,FBM,2,54.37,3.53,5.44,117.71,USD,CA,0
AMZ664679255,02-02-25,B63WSVWK44,SKU-900662,Sports,Amazon.com,FBA,3,165.25,2.68,16.53,514.96,USD,DE,0
AMZ306296515,04-02-25,HLUTO8FVBW,SKU-422477,Toys,Amazon.co.uk,FBA,3,168.54,3.48,16.85,525.95,USD,UK,0
AMZ777476612,26-02-25,U9L1YMGNVE,SKU-069693,Toys,Amazon.co.uk,FBA,2,51.11,4.12,5.11,111.45,USD,DE,0
AMZ376511515,18-01-25,J28YH6F47E,SKU-872113,Electronics,Amazon.co.uk,FBM,3,138.39,6.69,13.84,435.7,USD,US,0
AMZ404788772,11-01-25,QG4MSYBO1C,SKU-878426,Electronics,Amazon.com,FBA,3,108.92,12.28,10.89,349.93,USD,CA,0
AMZ405063215,07-02-25,LUY2M1R9FF,SKU-965981,Sports,Amazon.de,FBM,2,272.6,11.59,27.26,584.05,USD,UK,0
AMZ943863915,06-02-25,891IOCWZLM,SKU-322091,Beauty,Amazon.co.uk,FBA,1,182.77,6.02,18.28,207.07,USD,DE,0
AMZ489505086,06-01-25,VFSKKRGQT0,SKU-283214,Electronics,Amazon.com,FBA,1,188.98,6.64,18.9,214.52,USD,DE,0
AMZ854679086,01-03-25,M7SJNUVURZ,SKU-739190,Home & Kitchen,Amazon.com,FBM,1,30.28,9.6,3.03,42.91,USD,CA,0
AMZ265026673,08-01-25,0L4SWYFV2C,SKU-021712,Electronics,Amazon.com,FBA,2,207.24,3.46,20.72,438.66,USD,CA,0
AMZ866313167,22-01-25,6L1JHE41TT,SKU-554935,Beauty,Amazon.co.uk,FBA,2,25.18,5.68,2.52,58.56,USD,DE,0
AMZ819416044,04-02-25,HNFZ8Q1BPT,SKU-091107,Sports,Amazon.com,FBA,2,139.44,5,13.94,297.82,USD,DE,0
AMZ346217003,27-02-25,9K8NJLS6JL,SKU-241762,Home & Kitchen,Amazon.co.uk,FBA,1,60.84,10.35,6.08,77.27,USD,DE,0
AMZ617639666,16-01-25,CAOVJKQTVW,SKU-036254,Sports,Amazon.co.uk,FBA,2,38.04,6.76,3.8,86.64,USD,US,0
AMZ953054522,17-01-25,PSNRFKT0UE,SKU-640477,Home & Kitchen,Amazon.co.uk,FBM,3,278.88,3.52,27.89,868.05,USD,US,0
AMZ339028671,09-02-25,Q847NUIKKR,SKU-122265,Office Supplies,Amazon.co.uk,FBM,2,297.82,13.91,29.78,639.33,USD,CA,0
AMZ956905278,26-02-25,JN0MCVY49M,SKU-242428,Electronics,Amazon.de,FBM,2,161.08,9.35,16.11,347.62,USD,FR,0
AMZ800463855,08-02-25,7JSHZSENKW,SKU-884610,Office Supplies,Amazon.co.uk,FBM,1,186.46,7.6,18.65,212.71,USD,US,0
AMZ686244218,14-01-25,2ZQW8SYUEM,SKU-535430,Office Supplies,Amazon.de,FBA,1,75.93,5.13,7.59,88.65,USD,FR,0
AMZ931242368,02-01-25,ZQ2JTZWRBF,SKU-801283,Office Supplies,Amazon.de,FBA,3,79.33,7.65,7.93,253.57,USD,CA,0
AMZ863512503,23-01-25,4EL5W6U52E,SKU-546063,Toys,Amazon.de,FBM,2,184.17,7.74,18.42,394.5,USD,CA,0
AMZ806225482,12-02-25,CZE4GWIYV7,SKU-211574,Electronics,Amazon.co.uk,FBM,3,297.73,12.77,29.77,935.73,USD,DE,0
AMZ596389058,16-02-25,LHUJ2C9IKN,SKU-859822,Home & Kitchen,Amazon.com,FBM,1,43.75,12.26,4.38,60.39,USD,UK,0
AMZ296429895,24-01-25,LRZ6GR9E3N,SKU-399907,Home & Kitchen,Amazon.de,FBM,2,261.74,12.09,26.17,561.74,USD,DE,0
AMZ520752778,21-02-25,P4NWD8XW3F,SKU-069344,Beauty,Amazon.co.uk,FBM,2,33.47,6.04,3.35,76.33,USD,FR,0
AMZ797045551,02-01-25,TT2N9ZGKL4,SKU-362463,Toys,Amazon.co.uk,FBM,3,110.37,14.63,11.04,356.78,USD,UK,0
AMZ248884534,25-01-25,64LSOIKZLY,SKU-075904,Office Supplies,Amazon.de,FBA,2,48.43,12.93,4.84,114.63,USD,FR,0
AMZ150593216,14-01-25,1SOIGUE9R5,SKU-555300,Home & Kitchen,Amazon.de,FBA,1,185.81,11.47,18.58,215.86,USD,US,0
AMZ410869709,03-01-25,1NCJBLNAIE,SKU-776844,Sports,Amazon.de,FBA,3,125.61,2.2,12.56,391.59,USD,CA,0
AMZ689608002,08-01-25,DYR8TYTM7O,SKU-405938,Home & Kitchen,Amazon.de,FBM,1,17.49,2.03,1.75,21.27,USD,DE,1
AMZ610104484,01-03-25,21MYZY3T12,SKU-007297,Home & Kitchen,Amazon.co.uk,FBA,1,281.57,13.14,28.16,322.87,USD,CA,0
AMZ322465716,06-01-25,MT8SJ17INU,SKU-679245,Sports,Amazon.de,FBA,1,15.13,9.04,1.51,25.68,USD,FR,0
AMZ338314751,31-01-25,L8JWSDLAW2,SKU-940107,Sports,Amazon.com,FBM,3,173.69,2.88,17.37,541.32,USD,FR,0
AMZ501068177,11-01-25,2M0WJO08Y8,SKU-712480,Electronics,Amazon.co.uk,FBM,2,26.76,10.43,2.68,66.63,USD,FR,1
AMZ209411769,19-01-25,5QBJC8ARNS,SKU-765291,Electronics,Amazon.com,FBM,1,51.25,1.82,5.12,58.19,USD,US,0
AMZ742322272,20-02-25,004G6TYHNR,SKU-741079,Sports,Amazon.co.uk,FBM,3,210.73,0.93,21.07,654.19,USD,DE,0
AMZ040102017,08-02-25,T3X19SBLV5,SKU-279914,Electronics,Amazon.de,FBM,1,77.47,3.31,7.75,88.53,USD,UK,0
AMZ387423385,05-02-25,AI57VBBOA8,SKU-169175,Beauty,Amazon.de,FBM,2,133.56,1.96,13.36,282.44,USD,FR,0
AMZ040918787,04-02-25,H89K7XOVFF,SKU-945984,Electronics,Amazon.com,FBA,3,162.4,7.22,16.24,510.66,USD,UK,0
AMZ278655754,22-01-25,J72QS1K9AF,SKU-208246,Home & Kitchen,Amazon.de,FBA,1,13.2,6.24,1.32,20.76,USD,UK,0
AMZ543468771,23-02-25,2DLVORU4XC,SKU-144806,Electronics,Amazon.de,FBA,2,85.35,11.4,8.54,190.64,USD,UK,0
AMZ760777308,08-02-25,WUQB9OCOFG,SKU-993456,Toys,Amazon.co.uk,FBM,1,72.41,0.18,7.24,79.83,USD,CA,0
AMZ740237037,21-01-25,JHOK55CPXM,SKU-022068,Toys,Amazon.co.uk,FBA,1,242.45,14.39,24.25,281.09,USD,CA,0
AMZ650729637,04-02-25,ESHVVQWGJS,SKU-477347,Toys,Amazon.co.uk,FBA,1,168.91,6.82,16.89,192.62,USD,US,0
AMZ795190508,24-02-25,NEAFKUUEWE,SKU-721641,Office Supplies,Amazon.co.uk,FBM,1,151.59,2.25,15.16,169,USD,US,0
AMZ376209187,01-03-25,Q6N14Y3K9X,SKU-799488,Office Supplies,Amazon.com,FBA,2,148.05,5.64,14.81,316.55,USD,FR,0
AMZ491406938,07-02-25,PEYXUHR6IH,SKU-632557,Electronics,Amazon.co.uk,FBM,2,237.65,13.38,23.77,512.45,USD,US,1
AMZ526406855,17-01-25,GMAWEVTB93,SKU-460184,Home & Kitchen,Amazon.de,FBA,1,283.42,12.13,28.34,323.89,USD,US,0
AMZ304981436,02-02-25,278GXO0IH0,SKU-261224,Office Supplies,Amazon.co.uk,FBM,2,279.79,3.8,27.98,591.36,USD,DE,0
AMZ104979534,28-01-25,JHC4HBCWTG,SKU-335076,Office Supplies,Amazon.co.uk,FBM,3,153.68,5.8,15.37,482.21,USD,DE,0
AMZ496900904,18-02-25,S13LVG618C,SKU-608864,Office Supplies,Amazon.de,FBA,3,267.92,6.76,26.79,837.31,USD,UK,0
AMZ582824534,05-01-25,ITOYY5EJTK,SKU-971527,Toys,Amazon.de,FBA,1,138.55,0.72,13.86,153.13,USD,US,0
AMZ898365738,23-01-25,F29U57M5T4,SKU-756621,Office Supplies,Amazon.co.uk,FBA,3,201.12,12.03,20.11,635.5,USD,UK,0
AMZ514571391,17-01-25,3BOSI870FM,SKU-265526,Home & Kitchen,Amazon.de,FBA,1,157.49,5.81,15.75,179.05,USD,CA,0
AMZ817483119,05-02-25,LEP5HTQKX4,SKU-675981,Home & Kitchen,Amazon.com,FBA,3,291.52,14.13,29.15,917.84,USD,UK,0
AMZ972510443,20-02-25,37AQS9QXKQ,SKU-558721,Home & Kitchen,Amazon.co.uk,FBM,3,129.52,8.24,12.95,409.75,USD,UK,0
AMZ349898620,08-01-25,P5Q4DTRZLU,SKU-249714,Home & Kitchen,Amazon.co.uk,FBA,2,16.07,1.23,1.61,34.98,USD,US,1
AMZ924879013,31-01-25,4R3C76TU6E,SKU-960439,Sports,Amazon.de,FBM,1,293.04,10.01,29.3,332.35,USD,CA,0
AMZ824730469,05-02-25,Y0J39NHXCQ,SKU-701025,Office Supplies,Amazon.com,FBA,2,85.61,1.04,8.56,180.82,USD,US,1
AMZ649650524,24-02-25,A0W98TBPXQ,SKU-213594,Sports,Amazon.de,FBM,2,269.79,4.83,26.98,571.39,USD,DE,0
AMZ670220231,27-01-25,ONAJQ2KRQK,SKU-007915,Beauty,Amazon.de,FBA,2,184.55,8.74,18.46,396.3,USD,US,0
AMZ668006768,01-02-25,BD1OE9XMHA,SKU-575306,Toys,Amazon.com,FBM,2,47.15,5.07,4.71,104.08,USD,FR,0
AMZ911866399,24-02-25,SSC7NT8KXO,SKU-020909,Home & Kitchen,Amazon.co.uk,FBM,1,117.93,6.48,11.79,136.2,USD,UK,0
AMZ519669309,25-01-25,K92TP5YV0J,SKU-522498,Electronics,Amazon.co.uk,FBM,2,283.49,3.61,28.35,598.94,USD,FR,0
AMZ028204513,01-02-25,2HPU2RFTHH,SKU-519892,Sports,Amazon.de,FBA,3,267.21,9.69,26.72,838.04,USD,FR,0
AMZ457831783,01-02-25,YUZ1P7P4AH,SKU-081805,Beauty,Amazon.co.uk,FBA,2,259.8,12.7,25.98,558.28,USD,US,0
AMZ763515763,18-01-25,RF1W5JYFUK,SKU-188962,Office Supplies,Amazon.co.uk,FBA,1,228.96,6.91,22.9,258.77,USD,FR,0
AMZ900376869,09-02-25,AE9YLXGNRF,SKU-929281,Beauty,Amazon.de,FBM,2,235.17,9.84,23.52,503.7,USD,DE,0
AMZ960898232,22-01-25,VOJ03V0S77,SKU-878668,Toys,Amazon.co.uk,FBM,2,295.55,14.06,29.56,634.72,USD,FR,0
AMZ544556764,18-01-25,63VKYFQ8YK,SKU-229874,Beauty,Amazon.com,FBM,2,48.2,10.89,4.82,112.11,USD,FR,0
AMZ572357735,31-01-25,R7QFQRL0OQ,SKU-980314,Home & Kitchen,Amazon.co.uk,FBA,3,156.7,12.61,15.67,498.38,USD,US,0
AMZ616050588,12-02-25,R1K2S3D6E0,SKU-956574,Office Supplies,Amazon.co.uk,FBM,1,181.2,7.63,18.12,206.95,USD,DE,0
AMZ974956159,19-01-25,61H5DG43MO,SKU-781986,Office Supplies,Amazon.de,FBA,3,209.78,13.1,20.98,663.42,USD,CA,0
AMZ913625848,06-02-25,KME14OZ4F9,SKU-296551,Electronics,Amazon.co.uk,FBM,3,56.65,8.37,5.67,183.99,USD,DE,0
AMZ926572384,13-02-25,AQR2Z7416U,SKU-790604,Toys,Amazon.de,FBA,1,265.62,4.17,26.56,296.35,USD,CA,0
AMZ297838532,11-02-25,L06XKSO0V9,SKU-775047,Office Supplies,Amazon.com,FBM,2,69.17,8.33,6.92,153.59,USD,FR,0
AMZ119779074,08-02-25,VSZLKH1LDS,SKU-279187,Electronics,Amazon.co.uk,FBM,3,64.53,5.33,6.45,205.37,USD,US,0
AMZ771518821,21-02-25,Y5V4VHGNFZ,SKU-084744,Office Supplies,Amazon.com,FBM,2,255.93,12.6,25.59,550.05,USD,CA,0
AMZ233072988,14-01-25,VVO2YBLGUX,SKU-790298,Sports,Amazon.de,FBA,2,227.37,11.38,22.74,488.86,USD,CA,0
AMZ205391314,16-01-25,BTLYFMYC9R,SKU-394496,Toys,Amazon.com,FBA,3,254.17,7.05,25.42,794.98,USD,UK,0
AMZ414032281,27-02-25,SYU7TLI2X9,SKU-743284,Toys,Amazon.de,FBA,3,140.1,10.83,14.01,445.14,USD,US,0
AMZ013513969,04-02-25,5QRWKCGMLR,SKU-349448,Electronics,Amazon.de,FBA,2,123.54,6.19,12.35,265.62,USD,CA,0
AMZ288394732,21-01-25,6YOCLWP65J,SKU-233347,Beauty,Amazon.com,FBM,2,189.68,5.33,18.97,403.66,USD,DE,0
AMZ743184558,20-01-25,O9JVEO3C63,SKU-366576,Office Supplies,Amazon.co.uk,FBM,1,180.58,7.21,18.06,205.85,USD,CA,0
AMZ450733633,24-01-25,VGYKRAS72W,SKU-161505,Office Supplies,Amazon.co.uk,FBA,1,178.2,8.42,17.82,204.44,USD,FR,0
AMZ021760330,24-01-25,XO19KOHEND,SKU-000150,Electronics,Amazon.co.uk,FBM,2,183.82,9.03,18.38,395.05,USD,US,0
AMZ541023741,19-01-25,SXK8WTTCG8,SKU-838296,Sports,Amazon.com,FBA,1,194.58,2.23,19.46,216.27,USD,US,0
AMZ262782932,12-01-25,OPI4X3Y42I,SKU-020160,Toys,Amazon.de,FBM,2,294.77,3.15,29.48,622.17,USD,US,0
AMZ438382020,19-01-25,74F4MIW5Q1,SKU-193590,Office Supplies,Amazon.de,FBM,1,52.76,4.92,5.28,62.96,USD,DE,0
AMZ143011914,18-01-25,MEF199SIJ5,SKU-545671,Sports,Amazon.co.uk,FBA,3,73.98,8.97,7.4,238.31,USD,CA,0
AMZ060862291,11-01-25,5LD560FI9Z,SKU-984155,Home & Kitchen,Amazon.co.uk,FBA,1,280.6,9.64,28.06,318.3,USD,UK,0
AMZ410805811,04-01-25,D9AX5SN9FA,SKU-428415,Toys,Amazon.de,FBA,3,44.32,6.15,4.43,143.54,USD,FR,0
AMZ073506954,11-01-25,E4XP14W7BI,SKU-784389,Electronics,Amazon.com,FBM,3,175.84,8.82,17.58,553.92,USD,US,0
AMZ186733264,10-01-25,KOPQQPJSP8,SKU-963887,Toys,Amazon.com,FBA,2,57.94,10.5,5.79,132.17,USD,US,0
AMZ413081734,23-02-25,HX46IPVODX,SKU-344190,Electronics,Amazon.com,FBM,1,212.32,13.94,21.23,247.49,USD,UK,0
AMZ639416522,19-01-25,4GNHX4NJBJ,SKU-821623,Electronics,Amazon.co.uk,FBA,2,257.29,3.38,25.73,543.69,USD,DE,0
AMZ826226440,06-02-25,E9LW5Z1DKK,SKU-482754,Electronics,Amazon.co.uk,FBA,1,136.2,14.06,13.62,163.88,USD,FR,0
AMZ637341500,26-01-25,MX3UZUSHIV,SKU-242490,Toys,Amazon.com,FBM,2,221.1,7.45,22.11,471.76,USD,UK,0
AMZ902713631,26-02-25,MOW10GOT2K,SKU-161199,Sports,Amazon.de,FBM,2,26.61,3.38,2.66,59.26,USD,CA,0
AMZ279992313,26-02-25,H96E2EW3RQ,SKU-619461,Toys,Amazon.de,FBM,3,277.56,7.08,27.76,867.52,USD,CA,0
AMZ546501741,24-01-25,QEPH3XNXHJ,SKU-376841,Home & Kitchen,Amazon.co.uk,FBA,2,91.83,3.93,9.18,196.77,USD,US,0
AMZ375109372,28-01-25,50CY0QHUYS,SKU-770941,Beauty,Amazon.co.uk,FBA,2,82.37,4.08,8.24,177.06,USD,FR,0
AMZ593666648,11-02-25,XOLNMH5OWH,SKU-958531,Electronics,Amazon.com,FBM,1,235.25,0.98,23.53,259.76,USD,CA,0
AMZ134814640,25-02-25,BNCH20N2ES,SKU-362995,Office Supplies,Amazon.de,FBA,3,28.17,13.6,2.82,100.93,USD,DE,0
AMZ180500431,04-01-25,ID6VQL9CY2,SKU-443775,Sports,Amazon.com,FBM,2,129.22,5.21,12.92,276.57,USD,CA,0
AMZ627428247,18-01-25,5D5MW9N8NI,SKU-299154,Beauty,Amazon.com,FBM,3,289.38,8.4,28.94,905.48,USD,US,0
AMZ277753157,11-02-25,896UVQQD8X,SKU-499122,Home & Kitchen,Amazon.com,FBM,2,131.45,3.9,13.14,279.94,USD,UK,0
AMZ505540199,27-02-25,L9A4EFOGYQ,SKU-510564,Sports,Amazon.de,FBM,1,84.39,9.81,8.44,102.64,USD,US,0
AMZ530074776,24-01-25,GC13IQ1KY3,SKU-118498,Sports,Amazon.de,FBM,1,144.54,14.58,14.45,173.57,USD,FR,0
AMZ893776187,26-02-25,RKCYI7NK6C,SKU-132004,Beauty,Amazon.de,FBA,1,43.09,2.27,4.31,49.67,USD,UK,0
AMZ207570414,11-02-25,5DHM4I0Z0Q,SKU-089132,Office Supplies,Amazon.com,FBM,1,256.68,8.42,25.67,290.77,USD,CA,0
AMZ485108732,03-02-25,BHK3MX8UCF,SKU-832022,Office Supplies,Amazon.com,FBA,2,167.34,11.88,16.73,363.29,USD,CA,0
AMZ029781501,03-02-25,Y55T84SVL1,SKU-266166,Sports,Amazon.co.uk,FBA,2,75.58,12.7,7.56,171.42,USD,UK,0
AMZ708359582,05-01-25,WHZUEH5AUB,SKU-530956,Electronics,Amazon.com,FBA,2,202.61,3.24,20.26,428.72,USD,DE,0
AMZ214181211,16-01-25,TTH94GM61F,SKU-798151,Home & Kitchen,Amazon.com,FBM,3,198.78,8.18,19.88,624.4,USD,DE,0
AMZ777823549,09-02-25,KJ1M6L8F25,SKU-405339,Beauty,Amazon.co.uk,FBA,2,243.86,6.89,24.39,519,USD,DE,0
AMZ663413638,18-02-25,M19AX2Y2NS,SKU-431092,Toys,Amazon.com,FBM,3,262.92,8.17,26.29,823.22,USD,UK,0
AMZ723429702,21-02-25,TX9I2RRL9E,SKU-556311,Toys,Amazon.com,FBA,2,15.2,1.89,1.52,33.81,USD,FR,0
AMZ648107868,21-02-25,OBLRFXCN10,SKU-675479,Office Supplies,Amazon.com,FBM,2,79.25,6.77,7.93,173.2,USD,UK,1
AMZ922212366,26-01-25,20BHAI03IM,SKU-288423,Office Supplies,Amazon.de,FBA,1,17.88,0.98,1.79,20.65,USD,FR,0
AMZ245958691,08-01-25,TZYN5T75E4,SKU-454905,Beauty,Amazon.co.uk,FBM,1,123.31,11.98,12.33,147.62,USD,DE,0
AMZ557352113,23-01-25,0QHGAKFOXG,SKU-954026,Office Supplies,Amazon.com,FBA,1,125.24,1.4,12.52,139.16,USD,FR,0
AMZ017143021,11-01-25,SXZ0BKDD8U,SKU-786337,Office Supplies,Amazon.co.uk,FBM,2,37.27,5.35,3.73,83.62,USD,CA,0
AMZ500526155,06-02-25,4RIUXS1HTO,SKU-907695,Toys,Amazon.com,FBA,1,100.58,9.64,10.06,120.28,USD,US,0
