date,Month Name,category,operation,sum,abs_sum,is_expense,balance
27-12-25,December,Зарахування,"Кешбек 8.06UAH. (ПДФО 1.45UAH, ВЗ 0.4UAH)",6.21,6.21,0,-28452.49
25-12-25,December,Зарахування зі своєї картки,Зі своєї картки *9770,400,400,0,-28458.7
25-12-25,December,Зарахування зі своєї картки,Зі своєї картки *9770,35.18,35.18,0,-28858.7
25-12-25,December,Зарахування зі своєї картки,Зі своєї картки *9770,22871.07,22871.07,0,-28893.88
24-12-25,December,Заощадження,Зарахування зі Скарбнички,7.09,7.09,0,-51764.95
23-12-25,December,Зарахування,"Кешбек 1.7UAH. (ПДФО 0.31UAH, ВЗ 0.09UAH)",1.3,1.3,0,-51772.04
23-12-25,December,Зарахування зі своєї картки,Зі своєї картки *9770,751.14,751.14,0,-51773.34
22-12-25,December,Зарахування зі своєї картки,Зі своєї картки *9770,105.7,105.7,0,-52524.48
22-12-25,December,Зарахування,"Кешбек 5.48UAH. (ПДФО 0.99UAH, ВЗ 0.27UAH)",4.22,4.22,0,-52630.18
22-12-25,December,Супермаркети та продукти,"TSENTRALNYI MARKET, STRABYCHOVO",-37.53,37.53,1,-52634.4
22-12-25,December,Супермаркети та продукти,"TSENTRALNYI MARKET, STRABYCHOVO",-72,72,1,-52596.87
22-12-25,December,Аптеки,Мед-сервіс,-146,146,1,-52524.87
22-12-25,December,Аптеки,Аптека Подорожник 1608,-105.72,105.72,1,-52378.87
22-12-25,December,Аптеки,Аптека Подорожник 1608,-31.42,31.42,1,-52273.15
21-12-25,December,Кредити,Щомісячний платіж. «Оплата частинами». № 25112140054673,-256.66,256.66,1,-52241.73
19-12-25,December,Супермаркети та продукти,ФОП Фагараш Мария иванивна,-116.68,116.68,1,-51985.07
19-12-25,December,АЗС,"AZS 0715, V.LUCHKY",-999.56,999.56,1,-51868.39
19-12-25,December,Супермаркети та продукти,АТБ,-531.6,531.6,1,-50868.83
18-12-25,December,Зарахування,"Кешбек 18.04UAH. (ПДФО 3.25UAH, ВЗ 0.9UAH)",13.89,13.89,0,-50337.23
18-12-25,December,Супермаркети та продукти,Alma,-266.91,266.91,1,-50351.12
18-12-25,December,Краса,EVA,-278,278,1,-50084.21
18-12-25,December,Супермаркети та продукти,Roshen,-363.22,363.22,1,-49806.21
18-12-25,December,Супермаркети та продукти,ТИСА,-555,555,1,-49442.99
18-12-25,December,Аптеки,Мед-сервіс,-291.5,291.5,1,-48887.99
17-12-25,December,Зарахування зі своєї картки,Зі своєї картки *9770,59.8,59.8,0,-48596.49
17-12-25,December,Супермаркети та продукти,Alma,-72.67,72.67,1,-48656.29
16-12-25,December,Зарахування зі своєї картки,Зі своєї картки *9770,45.55,45.55,0,-48583.62
15-12-25,December,Зарахування зі своєї картки,Зі своєї картки *9770,671.02,671.02,0,-48629.17
13-12-25,December,Зарахування,"Кешбек 2.52UAH. (ПДФО 0.45UAH, ВЗ 0.13UAH)",1.94,1.94,0,-49300.19
13-12-25,December,Зарахування зі своєї картки,Зі своєї картки *9770,2876.63,2876.63,0,-49302.13
13-12-25,December,"Ресторани, кафе, бари",Кафе-магазин,-42,42,1,-52178.76
12-12-25,December,Супермаркети та продукти,АТБ,-313.1,313.1,1,-52136.76
12-12-25,December,Супермаркети та продукти,Alma,-284.23,284.23,1,-51823.66
11-12-25,December,Зарахування,"Кешбек 3.84UAH. (ПДФО 0.69UAH, ВЗ 0.19UAH)",2.96,2.96,0,-51539.43
11-12-25,December,Супермаркети та продукти,Roshen,-120.82,120.82,1,-51542.39
11-12-25,December,Супермаркети та продукти,Alma,-74.17,74.17,1,-51421.57
11-12-25,December,Дім та ремонт,Копійочка,-64,64,1,-51347.4
11-12-25,December,Аптеки,Аптека Подорожник 1608,-104.12,104.12,1,-51283.4
10-12-25,December,Зарахування,"Кешбек 8.58UAH. (ПДФО 1.54UAH, ВЗ 0.43UAH)",6.61,6.61,0,-51179.28
10-12-25,December,АЗС,"AZS 0715, V.LUCHKY",-999.56,999.56,1,-51185.89
10-12-25,December,Дім та ремонт,Аврора,-143,143,1,-50186.33
09-12-25,December,Зарахування зі своєї картки,Зі своєї картки *9770,10,10,0,-50043.33
09-12-25,December,Заощадження,Зарахування зі Скарбнички,5.05,5.05,0,-50053.33
07-12-25,December,Розваги,"Imperia Family Park, MUKACHEVO",-435,435,1,-50058.38
05-12-25,December,Зарахування,"Кешбек 1.23UAH. (ПДФО 0.22UAH, ВЗ 0.06UAH)",0.95,0.95,0,-49623.38
05-12-25,December,Зарахування зі своєї картки,Зі своєї картки *9770,79.24,79.24,0,-49624.33
05-12-25,December,Супермаркети та продукти,Alma,-516.75,516.75,1,-49703.57
05-12-25,December,Зарахування зі своєї картки,Зі своєї картки *9770,1000,1000,0,-49186.82
05-12-25,December,АЗС,"AZS 0715, V.LUCHKY",-999.56,999.56,1,-50186.82
04-12-25,December,Зарахування зі своєї картки,Зі своєї картки *9770,40.58,40.58,0,-49187.26
03-12-25,December,Зарахування зі своєї картки,Зі своєї картки *9770,74,74,0,-49227.84
03-12-25,December,Супермаркети та продукти,Alma,-32.99,32.99,1,-49301.84
03-12-25,December,Зарахування,"Кешбек 1.6UAH. (ПДФО 0.29UAH, ВЗ 0.08UAH)",1.23,1.23,0,-49268.85
03-12-25,December,Зарахування зі своєї картки,Зі своєї картки *9770,2101.32,2101.32,0,-49270.08
03-12-25,December,Медичні послуги,ОРТОДОНТИЧНА ПРИВАТНА ПРАКТИКА,-3000,3000,1,-51371.4
02-12-25,December,Зарахування зі своєї картки,Зі своєї картки *9770,43.62,43.62,0,-48371.4
02-12-25,December,Зарахування зі своєї картки,Зі своєї картки *9770,95.97,95.97,0,-48415.02
02-12-25,December,Інше,ОПЛАТА ЧАСТИНАМИ. Оплата частинами.,-336,336,1,-48510.99
01-12-25,December,Зарахування зі своєї картки,Зі своєї картки *9770,94.75,94.75,0,-48174.99
01-12-25,December,Аптеки,Мед-сервіс,-318.6,318.6,1,-48269.74
01-12-25,December,Зарахування зі своєї картки,Зі своєї картки *9770,320,320,0,-47951.14
01-12-25,December,Кредити,Списання відсотків за використання кредитного ліміту. За ставкою 3.4 відсотка нараховано 2164.52 UAH,-2164.52,2164.52,1,-48271.14
29-11-25,November,Зарахування зі своєї картки,Зі своєї картки *9770,31.85,31.85,0,-46106.62
29-11-25,November,Зарахування,"Кешбек 14.7UAH. (ПДФО 2.65UAH, ВЗ 0.74UAH)",11.31,11.31,0,-46138.47
28-11-25,November,Зарахування зі своєї картки,Зі своєї картки *9770,35.26,35.26,0,-46149.78
26-11-25,November,Зарахування,"Кешбек 4.72UAH. (ПДФО 0.85UAH, ВЗ 0.24UAH)",3.63,3.63,0,-46185.04
26-11-25,November,Зарахування зі своєї картки,Зі своєї картки *7924,10,10,0,-46188.67
26-11-25,November,Зарахування,"Термінал самообслуговування: М МУКАЧЕВО, ВУЛ. ІВАНА ФЕДОРОВА, БУД. 6, ЦУМ",19000,19000,0,-46198.67
25-11-25,November,Зарахування зі своєї картки,Зі своєї картки *9770,92.2,92.2,0,-65198.67
25-11-25,November,Зарахування,"Кешбек 3.23UAH. (ПДФО 0.58UAH, ВЗ 0.16UAH)",2.49,2.49,0,-65290.87
24-11-25,November,Зарахування зі своєї картки,Зі своєї картки *9770,30.56,30.56,0,-65293.36
22-11-25,November,Зарахування зі своєї картки,Зі своєї картки *9770,1000,1000,0,-65323.92
22-11-25,November,"Ресторани, кафе, бари",Кафе-магазин,-171.5,171.5,1,-66323.92
22-11-25,November,"Ресторани, кафе, бари",ФОП Берец Анастасия иванивна,-100,100,1,-66152.42
22-11-25,November,Зарахування,"Кешбек 1.47UAH. (ПДФО 0.26UAH, ВЗ 0.07UAH)",1.14,1.14,0,-66052.42
22-11-25,November,Зарахування зі своєї картки,Зі своєї картки *7924,5.96,5.96,0,-66053.56
21-11-25,November,Зарахування зі своєї картки,Зі своєї картки *9770,249,249,0,-66059.52
21-11-25,November,Інше,Оплата частями. Оплата частинами.,-256.4,256.4,1,-66308.52
21-11-25,November,Заощадження,Зарахування зі Скарбнички,3.59,3.59,0,-66052.12
20-11-25,November,Зарахування,"Кешбек 18.66UAH. (ПДФО 3.36UAH, ВЗ 0.93UAH)",14.37,14.37,0,-66055.71
20-11-25,November,Супермаркети та продукти,Сільпо,-373.26,373.26,1,-66070.08
20-11-25,November,Зарахування,"Кешбек 70.98UAH. (ПДФО 12.78UAH, ВЗ 3.55UAH)",54.65,54.65,0,-65696.82
20-11-25,November,Зарахування зі своєї картки,Зі своєї картки *9770,1566.01,1566.01,0,-65751.47
20-11-25,November,Супермаркети та продукти,Сільпо,-1251.31,1251.31,1,-67317.48
18-11-25,November,Зарахування зі своєї картки,Зі своєї картки *9770,837.49,837.49,0,-66066.17
18-11-25,November,Зарахування,"Кешбек 13.41UAH. (ПДФО 2.41UAH, ВЗ 0.67UAH)",10.33,10.33,0,-66903.66
17-11-25,November,Зарахування зі своєї картки,Зі своєї картки *9770,1010,1010,0,-66913.99
17-11-25,November,Аптеки,Аптека Подорожник 1608,-350.3,350.3,1,-67923.99
17-11-25,November,Заощадження,Зарахування зі Скарбнички,11.85,11.85,0,-67573.69
13-11-25,November,АЗС,"AZS 0715, V.LUCHKY",-999.97,999.97,1,-67585.54
13-11-25,November,Зарахування зі своєї картки,Зі своєї картки *9770,1000,1000,0,-66585.57
13-11-25,November,Зарахування зі своєї картки,Зі своєї картки *9770,1876.63,1876.63,0,-67585.57
12-11-25,November,Супермаркети та продукти,Alma,-93.88,93.88,1,-69462.2
12-11-25,November,Аптеки,Мед-сервіс,-423.2,423.2,1,-69368.32
12-11-25,November,Зарахування зі своєї картки,Зі своєї картки *9770,400,400,0,-68945.12
11-11-25,November,Супермаркети та продукти,АТБ,-166.9,166.9,1,-69345.12
11-11-25,November,Супермаркети та продукти,"TSENTRALNYI MARKET, STRABYCHOVO",-66.34,66.34,1,-69178.22
10-11-25,November,Зарахування зі своєї картки,Зі своєї картки *9770,23.76,23.76,0,-69111.88
10-11-25,November,Зарахування,"Кешбек 30.86UAH. (ПДФО 5.55UAH, ВЗ 1.54UAH)",23.77,23.77,0,-69135.64
10-11-25,November,АЗС,"AZS 0715, V.LUCHKY",-999.75,999.75,1,-69159.41
07-11-25,November,Зарахування зі своєї картки,Зі своєї картки *9770,30,30,0,-68159.66
06-11-25,November,Зарахування зі своєї картки,Зі своєї картки *7924,5.2,5.2,0,-68189.66
06-11-25,November,Зарахування зі своєї картки,Зі своєї картки *9770,62.99,62.99,0,-68194.86
06-11-25,November,Краса,EVA,-209,209,1,-68257.85
05-11-25,November,Супермаркети та продукти,Сільпо,-466.85,466.85,1,-68048.85
04-11-25,November,Зарахування зі своєї картки,Зі своєї картки *9770,22.17,22.17,0,-67582
04-11-25,November,Супермаркети та продукти,Alma,-39,39,1,-67604.17
04-11-25,November,Дім та ремонт,Аврора,-29,29,1,-67565.17
04-11-25,November,Аптеки,Мед-сервіс,-155.7,155.7,1,-67536.17
04-11-25,November,Кредити,Щомісячний платіж. «Оплата частинами». № 25060438853728,-323.19,323.19,1,-67380.47
03-11-25,November,Зарахування,"Кешбек 29.99UAH. (ПДФО 5.4UAH, ВЗ 1.5UAH)",23.09,23.09,0,-67057.28
03-11-25,November,АЗС,"AZS 0715, V.LUCHKY",-999.55,999.55,1,-67080.37
03-11-25,November,Зарахування зі своєї картки,Зі своєї картки *9770,47.68,47.68,0,-66080.82
02-11-25,November,Зарахування зі своєї картки,Зі своєї картки *9770,47,47,0,-66128.5
01-11-25,November,Зарахування зі своєї картки,Зі своєї картки *9770,1700,1700,0,-66175.5
01-11-25,November,Кредити,Списання відсотків за використання кредитного ліміту. За ставкою 3.4 відсотка нараховано 2243.99 UAH,-2243.99,2243.99,1,-67875.5
31-10-25,October,Зарахування зі своєї картки,Зі своєї картки *9770,69.45,69.45,0,-65631.51
30-10-25,October,Зарахування зі своєї картки,Зі своєї картки *9770,20.47,20.47,0,-65700.96
30-10-25,October,Зарахування зі своєї картки,Зі своєї картки *9770,400,400,0,-65721.43
30-10-25,October,Супермаркети та продукти,АТБ,-220,220,1,-66121.43
28-10-25,October,Супермаркети та продукти,Alma,-249.76,249.76,1,-65901.43
28-10-25,October,Зарахування зі своєї картки,Зі своєї картки *9770,399.79,399.79,0,-65651.67
28-10-25,October,Супермаркети та продукти,АТБ,-400.02,400.02,1,-66051.46
27-10-25,October,Заощадження,Зарахування зі Скарбнички,3,3,0,-65651.44
27-10-25,October,Зарахування,"Кешбек 29.99UAH. (ПДФО 5.4UAH, ВЗ 1.5UAH)",23.09,23.09,0,-65654.44
27-10-25,October,АЗС,"AZS 0715, V.LUCHKY",-999.56,999.56,1,-65677.53
24-10-25,October,Зарахування зі своєї картки,Зі своєї картки *9770,500,500,0,-64677.97
24-10-25,October,Аптеки,Мед-сервіс,-421.3,421.3,1,-65177.97
24-10-25,October,Транспорт,Е-квиток Леокарт,-20,20,1,-64756.67
22-10-25,October,Заощадження,Зарахування зі Скарбнички,3.76,3.76,0,-64736.67
17-10-25,October,Зарахування,"Поповнення картки в Банкоматі М МУКАЧЕВО, ВУЛ. ІВАНА ФЕДОРОВА, БУД. 6",31000,31000,0,-64740.43
16-10-25,October,Заощадження,Зарахування зі Скарбнички,12.1,12.1,0,-95740.43
14-10-25,October,Квитки на поїзд,Укрзалізниця,-1030.78,1030.78,1,-95752.53
14-10-25,October,Перекази,На картку,-1035.15,1035.15,1,-94721.75
14-10-25,October,Медичні послуги,Центр Очi Клiнiк,-35000,35000,1,-93686.6
14-10-25,October,Аптеки,АНЦ,-464,464,1,-58686.6
14-10-25,October,Супермаркети та продукти,бадьорий,-23,23,1,-58222.6
14-10-25,October,Супермаркети та продукти,бадьорий,-29.5,29.5,1,-58199.6
13-10-25,October,Супермаркети та продукти,Пчелка,-775.94,775.94,1,-58170.1
13-10-25,October,Медичні послуги,Центр Очi Клiнiк,-1900,1900,1,-57394.16
10-10-25,October,Заощадження,Зарахування зі Скарбнички,4.29,4.29,0,-55494.16
08-10-25,October,Заощадження,Зарахування зі Скарбнички,6.8,6.8,0,-55498.45
08-10-25,October,АЗС,"AZS 0715, V.LUCHKY",-999.56,999.56,1,-55505.25
07-10-25,October,Медичні послуги,Смарт клiнiк,-500,500,1,-54505.69
07-10-25,October,Супермаркети та продукти,Roshen,-13.23,13.23,1,-54005.69
07-10-25,October,Медичні послуги,"ОПТИКА ""PRIMA""",-800,800,1,-53992.46
07-10-25,October,Заощадження,Зарахування зі Скарбнички,8.49,8.49,0,-53192.46
06-10-25,October,Супермаркети та продукти,НАШ МАГАЗИН,-55,55,1,-53200.95
06-10-25,October,Супермаркети та продукти,Alma,-184.12,184.12,1,-53145.95
06-10-25,October,Аптеки,Мед-сервіс,-290.6,290.6,1,-52961.83
05-10-25,October,Аптеки,Подорожник,-177.18,177.18,1,-52671.23
04-10-25,October,Заощадження,Зарахування зі Скарбнички,3.47,3.47,0,-52494.05
04-10-25,October,Кредити,Щомісячний платіж. «Оплата частинами». № 25060438853728,-323.19,323.19,1,-52497.52
02-10-25,October,Заощадження,Зарахування зі Скарбнички,2.56,2.56,0,-52174.33
01-10-25,October,Зарахування зі своєї картки,Зі своєї картки *9770,7000,7000,0,-52176.89
01-10-25,October,Кредити,Списання відсотків за використання кредитного ліміту. За ставкою 3.4 відсотка нараховано 1918.84 UAH,-1918.84,1918.84,1,-59176.89
29-09-25,September,Супермаркети та продукти,АТБ,-103.81,103.81,1,-57258.05
29-09-25,September,Супермаркети та продукти,Alma,-77,77,1,-57154.24
26-09-25,September,Зарахування зі своєї картки,Зі своєї картки *9770,31.51,31.51,0,-57077.24
26-09-25,September,АЗС,"AZS 0715, V.LUCHKY",-999.56,999.56,1,-57108.75
26-09-25,September,Супермаркети та продукти,АТБ,-393,393,1,-56109.19
25-09-25,September,Супермаркети та продукти,Alma,-128.8,128.8,1,-55716.19
25-09-25,September,Заощадження,Зарахування зі Скарбнички,4.32,4.32,0,-55587.39
23-09-25,September,Заощадження,Зарахування зі Скарбнички,5.8,5.8,0,-55591.71
20-09-25,September,Заощадження,Зарахування зі Скарбнички,4.02,4.02,0,-55597.51
17-09-25,September,АЗС,"AZS 0715, V.LUCHKY",-999.56,999.56,1,-55601.53
17-09-25,September,Заощадження,Зарахування зі Скарбнички,7.22,7.22,0,-54601.97
16-09-25,September,Зарахування,"Термінал самообслуговування: М МУКАЧЕВО, ВУЛ. ІВАНА ФЕДОРОВА, БУД. 6, ЦУМ",4000,4000,0,-54609.19
12-09-25,September,Зарахування зі своєї картки,Зі своєї картки *9770,3500,3500,0,-58609.19
12-09-25,September,Супермаркети та продукти,Alma,-288.86,288.86,1,-62109.19
12-09-25,September,Зарахування зі своєї картки,Зі своєї картки *9770,1.3,1.3,0,-61820.33
12-09-25,September,Зарахування,"Кешбек 5.32UAH. (ПДФО 0.96UAH, ВЗ 0.27UAH)",4.09,4.09,0,-61821.63
12-09-25,September,Дім та ремонт,Копійочка,-106.4,106.4,1,-61825.72
11-09-25,September,Супермаркети та продукти,Alma,-2371.04,2371.04,1,-61719.32
10-09-25,September,Супермаркети та продукти,АТБ,-2647.27,2647.27,1,-59348.28
08-09-25,September,Супермаркети та продукти,АТБ,-40.49,40.49,1,-56701.01
08-09-25,September,"Ресторани, кафе, бари","KARAVAI, MUKACHEVO",-24,24,1,-56660.52
05-09-25,September,Зарахування зі своєї картки,Зі своєї картки *9770,27.69,27.69,0,-56636.52
04-09-25,September,Заощадження,Зарахування зі Скарбнички,6.66,6.66,0,-56664.21
04-09-25,September,Кредити,Щомісячний платіж. «Оплата частинами». № 25060438853728,-323.19,323.19,1,-56670.87
03-09-25,September,Краса,EVA,-142.99,142.99,1,-56347.68
03-09-25,September,Заощадження,Зарахування зі Скарбнички,5.2,5.2,0,-56204.69
02-09-25,September,Зарахування,"Кешбек 3.8UAH. (ПДФО 0.68UAH, ВЗ 0.19UAH)",2.93,2.93,0,-56209.89
02-09-25,September,Дім та ремонт,Аврора,-76,76,1,-56212.82
02-09-25,September,Заощадження,Зарахування зі Скарбнички,4.26,4.26,0,-56136.82
01-09-25,September,Заощадження,Зарахування зі Скарбнички,1,1,0,-56141.08
01-09-25,September,Зарахування зі своєї картки,Зі своєї картки *7924,5.61,5.61,0,-56142.08
01-09-25,September,Зарахування зі своєї картки,Зі своєї картки *9770,4000,4000,0,-56147.69
01-09-25,September,Кредити,Списання відсотків за використання кредитного ліміту. За ставкою 3.4 відсотка нараховано 1861.04 UAH,-1861.04,1861.04,1,-60147.69
31-08-25,August,Зарахування,"Кешбек 4.91UAH. (ПДФО 0.88UAH, ВЗ 0.25UAH)",3.78,3.78,0,-58286.65
30-08-25,August,Дім та ремонт,Епіцентр,-98.27,98.27,1,-58290.43
30-08-25,August,Зарахування зі своєї картки,Зі своєї картки *9770,1000,1000,0,-58192.16
30-08-25,August,АЗС,"AZS 0715, V.LUCHKY",-999.93,999.93,1,-59192.16
30-08-25,August,Супермаркети та продукти,НАШ МАГАЗИН,-34,34,1,-58192.23
30-08-25,August,Заощадження,Зарахування зі Скарбнички,2.98,2.98,0,-58158.23
29-08-25,August,Супермаркети та продукти,Alma,-73.8,73.8,1,-58161.21
29-08-25,August,Супермаркети та продукти,Roshen,-68.14,68.14,1,-58087.41
29-08-25,August,Краса,EVA,-119,119,1,-58019.27
28-08-25,August,Заощадження,Зарахування зі Скарбнички,2.69,2.69,0,-57900.27
26-08-25,August,Супермаркети та продукти,Alma,-40.98,40.98,1,-57902.96
26-08-25,August,Одяг та взуття,Магазин Мелiса,-189.65,189.65,1,-57861.98
25-08-25,August,Авто,"AZS 07N27, UZHGOROD",-999.89,999.89,1,-57672.33
25-08-25,August,Супермаркети та продукти,ВОПАК ЯРОЦЬКIЙ,-24.9,24.9,1,-56672.44
25-08-25,August,Медичні послуги,ОРТОДОНТИЧНА ПРИВАТНА ПРАКТИКА,-1300,1300,1,-56647.54
22-08-25,August,Супермаркети та продукти,Alma,-508.32,508.32,1,-55347.54
22-08-25,August,Супермаркети та продукти,АТБ,-89.5,89.5,1,-54839.22
22-08-25,August,Краса,EVA,-147.49,147.49,1,-54749.72
22-08-25,August,Аптеки,Мед-сервіс,-108.9,108.9,1,-54602.23
22-08-25,August,Супермаркети та продукти,Roshen,-81.19,81.19,1,-54493.33
21-08-25,August,Зарахування зі своєї картки,Зі своєї картки *9770,10,10,0,-54412.14
21-08-25,August,Аптеки,Мед-сервіс,-260.4,260.4,1,-54422.14
21-08-25,August,Супермаркети та продукти,АТБ,-288.7,288.7,1,-54161.74
21-08-25,August,Краса,EVA,-129.28,129.28,1,-53873.04
20-08-25,August,Зарахування,"Кешбек 11.47UAH. (ПДФО 2.06UAH, ВЗ 0.57UAH)",8.84,8.84,0,-53743.76
20-08-25,August,Одяг та взуття,"MAGAZYN VESELKA, VUL.MOSTOVA 6",-70,70,1,-53752.6
20-08-25,August,Супермаркети та продукти,Alma,-155.71,155.71,1,-53682.6
20-08-25,August,Дім та ремонт,EconomClass,-93.95,93.95,1,-53526.89
18-08-25,August,Зарахування,"Кешбек 43.66UAH. (ПДФО 7.86UAH, ВЗ 2.18UAH)",33.62,33.62,0,-53432.94
18-08-25,August,Авто,"AZS 0715, V.LUCHKY",-999.89,999.89,1,-53466.56
18-08-25,August,Супермаркети та продукти,Alma,-32.29,32.29,1,-52466.67
18-08-25,August,Краса,EVA,-359,359,1,-52434.38
18-08-25,August,Одяг та взуття,"""EconomClass""",-64.09,64.09,1,-52075.38
18-08-25,August,Зарахування,"Кешбек 5.31UAH. (ПДФО 0.96UAH, ВЗ 0.27UAH)",4.08,4.08,0,-52011.29
18-08-25,August,Супермаркети та продукти,Alma,-176.98,176.98,1,-52015.37
18-08-25,August,Заощадження,Зарахування зі Скарбнички,5,5,0,-51838.39
17-08-25,August,Заощадження,Зарахування зі Скарбнички,2,2,0,-51843.39
16-08-25,August,Зарахування зі своєї картки,Зі своєї картки *9770,140,140,0,-51845.39
16-08-25,August,Заощадження,Зарахування зі Скарбнички,3.78,3.78,0,-51985.39
16-08-25,August,Зарахування,"Кешбек 6.9UAH. (ПДФО 1.24UAH, ВЗ 0.35UAH)",5.31,5.31,0,-51989.17
16-08-25,August,Дім та ремонт,ABC,-138,138,1,-51994.48
15-08-25,August,Зарахування,"Кешбек 10.79UAH. (ПДФО 1.94UAH, ВЗ 0.54UAH)",8.31,8.31,0,-51856.48
15-08-25,August,Супермаркети та продукти,Alma,-49.99,49.99,1,-51864.79
15-08-25,August,Супермаркети та продукти,ТИСА,-230,230,1,-51814.8
15-08-25,August,Дім та ремонт,Копійочка,-47.8,47.8,1,-51584.8
15-08-25,August,Аптеки,Аптека низьких цін,-130.82,130.82,1,-51537
15-08-25,August,Зарахування зі своєї картки,Зі своєї картки *9770,131,131,0,-51406.18
15-08-25,August,Зарахування зі своєї картки,Зі своєї картки *9770,2000,2000,0,-51537.18
15-08-25,August,Краса,EVA,-76.49,76.49,1,-53537.18
14-08-25,August,Зарахування,"Кешбек 20.27UAH. (ПДФО 3.65UAH, ВЗ 1.01UAH)",15.61,15.61,0,-53460.69
14-08-25,August,Супермаркети та продукти,Alma,-499.96,499.96,1,-53476.3
14-08-25,August,Супермаркети та продукти,АТБ,-175.7,175.7,1,-52976.34
13-08-25,August,Зарахування,"Кешбек 1.32UAH. (ПДФО 0.24UAH, ВЗ 0.07UAH)",1.01,1.01,0,-52800.64
13-08-25,August,Супермаркети та продукти,Alma,-43.98,43.98,1,-52801.65
12-08-25,August,Зарахування зі своєї картки,Зі своєї картки *9770,18.2,18.2,0,-52757.67
11-08-25,August,Зарахування,"Кешбек 19.63UAH. (ПДФО 3.53UAH, ВЗ 0.98UAH)",15.12,15.12,0,-52775.87
11-08-25,August,Супермаркети та продукти,Сільпо,-230.26,230.26,1,-52790.99
11-08-25,August,Послуги,Укрпошта,-424,424,1,-52560.73
10-08-25,August,Зарахування,"Кешбек 11.71UAH. (ПДФО 2.11UAH, ВЗ 0.59UAH)",9.01,9.01,0,-52136.73
10-08-25,August,"Ресторани, кафе, бари",Кафе-магазин,-390.22,390.22,1,-52145.74
08-08-25,August,Зарахування,"Кешбек 18.29UAH. (ПДФО 3.29UAH, ВЗ 0.91UAH)",14.09,14.09,0,-51755.52
08-08-25,August,Супермаркети та продукти,АТБ,-282.8,282.8,1,-51769.61
08-08-25,August,Краса,EVA,-76.78,76.78,1,-51486.81
08-08-25,August,Зарахування зі своєї картки,Зі своєї картки *9770,250,250,0,-51410.03
08-08-25,August,Аптеки,Мед-сервіс,-250.3,250.3,1,-51660.03
07-08-25,August,Зарахування,"Кешбек 17.52UAH. (ПДФО 3.15UAH, ВЗ 0.88UAH)",13.49,13.49,0,-51409.73
07-08-25,August,Краса,EVA,-322.98,322.98,1,-51423.22
07-08-25,August,Супермаркети та продукти,Alma,-186.06,186.06,1,-51100.24
06-08-25,August,Дім та ремонт,Аврора,-75,75,1,-50914.18
05-08-25,August,Зарахування зі своєї картки,Зі своєї картки *9770,30.8,30.8,0,-50839.18
05-08-25,August,Зарахування,"Кешбек 37.93UAH. (ПДФО 6.83UAH, ВЗ 1.9UAH)",29.2,29.2,0,-50869.98
05-08-25,August,Авто,"AZS 0715, V.LUCHKY",-999.93,999.93,1,-50899.18
05-08-25,August,Супермаркети та продукти,Alma,-105.59,105.59,1,-49899.25
05-08-25,August,Супермаркети та продукти,АТБ,-158.7,158.7,1,-49793.66
04-08-25,August,Зарахування зі своєї картки,Зі своєї картки *9770,7.16,7.16,0,-49634.96
04-08-25,August,Краса,EVA,-77.89,77.89,1,-49642.12
04-08-25,August,Дім та ремонт,Real Beauty,-150,150,1,-49564.23
04-08-25,August,Одяг та взуття,"""EconomClass""",-136.09,136.09,1,-49414.23
04-08-25,August,Кредити,Щомісячний платіж. «Оплата частинами». № 25060438853728,-323.19,323.19,1,-49278.14
03-08-25,August,Заощадження,Зарахування зі Скарбнички,7,7,0,-48954.95
01-08-25,August,Зарахування,"Кешбек 31.24UAH. (ПДФО 5.62UAH, ВЗ 1.56UAH)",24.06,24.06,0,-48961.95
01-08-25,August,Зарахування зі своєї картки,Зі своєї картки *9770,18.05,18.05,0,-48986.01
01-08-25,August,Супермаркети та продукти,Alma,-131.35,131.35,1,-49004.06
01-08-25,August,Краса,EVA,-394.4,394.4,1,-48872.71
01-08-25,August,Супермаркети та продукти,Alma,-515.83,515.83,1,-48478.31
01-08-25,August,Зарахування зі своєї картки,Зі своєї картки *9770,3080,3080,0,-47962.48
01-08-25,August,Заощадження,Зарахування зі Скарбнички,17.85,17.85,0,-51042.48
01-08-25,August,Кредити,Списання відсотків за використання кредитного ліміту. За ставкою 3.4 відсотка нараховано 1420.62 UAH,-1420.62,1420.62,1,-51060.33
31-07-25,July,Одяг та взуття,Кiдс сток,-300,300,1,-49639.71
31-07-25,July,Одяг та взуття,FOR KIDS,-130,130,1,-49339.71
30-07-25,July,Супермаркети та продукти,Alma,-23.99,23.99,1,-49209.71
30-07-25,July,Дім та ремонт,EconomClass,-216.87,216.87,1,-49185.72
29-07-25,July,Краса,EVA,-249,249,1,-48968.85
29-07-25,July,Супермаркети та продукти,Сільпо,-276.39,276.39,1,-48719.85
28-07-25,July,Супермаркети та продукти,Alma,-49.8,49.8,1,-48443.46
28-07-25,July,Супермаркети та продукти,Сільпо,-145.98,145.98,1,-48393.66
25-07-25,July,Перекази,Мучичка Й.,-51.76,51.76,1,-48247.68
25-07-25,July,Авто,"AZS 0715, V.LUCHKY",-999.97,999.97,1,-48195.92
25-07-25,July,Супермаркети та продукти,Alma,-445.56,445.56,1,-47195.95
25-07-25,July,Супермаркети та продукти,АТБ,-88.4,88.4,1,-46750.39
25-07-25,July,Дім та ремонт,Аврора,-129,129,1,-46661.99
25-07-25,July,Аптеки,Мед-сервіс,-56.9,56.9,1,-46532.99
25-07-25,July,Супермаркети та продукти,Roshen,-74.64,74.64,1,-46476.09
25-07-25,July,Краса,Prostor,-273.1,273.1,1,-46401.45
24-07-25,July,Супермаркети та продукти,АТБ,-121.4,121.4,1,-46128.35
24-07-25,July,Супермаркети та продукти,Сільпо,-199.9,199.9,1,-46006.95
24-07-25,July,Супермаркети та продукти,Сільпо,-246,246,1,-45807.05
24-07-25,July,Одяг та взуття,Євро Сезони,-42.14,42.14,1,-45561.05
23-07-25,July,Супермаркети та продукти,НАШ МАГАЗИН,-148,148,1,-45518.91
23-07-25,July,Супермаркети та продукти,Alma,-228.56,228.56,1,-45370.91
23-07-25,July,Дім та ремонт,Аврора,-67,67,1,-45142.35
23-07-25,July,Дім та ремонт,Копійочка,-135,135,1,-45075.35
23-07-25,July,Дім та ремонт,EconomClass,-98.34,98.34,1,-44940.35
22-07-25,July,Авто,"AZS 0715, V.LUCHKY",-999.97,999.97,1,-44842.01
22-07-25,July,Аптеки,Мед-сервіс,-42.2,42.2,1,-43842.04
22-07-25,July,Супермаркети та продукти,Alma,-183.13,183.13,1,-43799.84
22-07-25,July,Краса,Watsons,-56.9,56.9,1,-43616.71
22-07-25,July,Одяг та взуття,Магазин Мелiса,-84.29,84.29,1,-43559.81
22-07-25,July,Одяг та взуття,Магазин Мелiса,-504.46,504.46,1,-43475.52
21-07-25,July,Зарахування зі своєї картки,Зі своєї картки *9770,42,42,0,-42971.06
21-07-25,July,Супермаркети та продукти,Alma,-196.2,196.2,1,-43013.06
21-07-25,July,Аптеки,Мед-сервіс,-379.2,379.2,1,-42816.86
21-07-25,July,Заощадження,Зарахування зі Скарбнички,5,5,0,-42437.66
21-07-25,July,Супермаркети та продукти,Alma,-454.17,454.17,1,-42442.66
21-07-25,July,Краса,EVA,-39.48,39.48,1,-41988.49
20-07-25,July,Заощадження,Зарахування зі Скарбнички,4.17,4.17,0,-41949.01
18-07-25,July,Супермаркети та продукти,Alma,-34.09,34.09,1,-41953.18
18-07-25,July,Заощадження,Зарахування зі Скарбнички,8.5,8.5,0,-41919.09
18-07-25,July,Дім та ремонт,Копійочка,-48.8,48.8,1,-41927.59
17-07-25,July,Супермаркети та продукти,Сільпо,-301,301,1,-41878.79
17-07-25,July,Авто,"AZS 0715, V.LUCHKY",-999.97,999.97,1,-41577.79
17-07-25,July,Супермаркети та продукти,Сільпо,-112.55,112.55,1,-40577.82
17-07-25,July,Супермаркети та продукти,Alma,-146.83,146.83,1,-40465.27
16-07-25,July,Зарахування зі своєї картки,Зі своєї картки *9770,2.74,2.74,0,-40318.44
15-07-25,July,Дім та ремонт,Аврора,-29,29,1,-40321.18
15-07-25,July,Аптеки,Мед-сервіс,-29.5,29.5,1,-40292.18
15-07-25,July,Аптеки,Мед-сервіс,-63.5,63.5,1,-40262.68
15-07-25,July,Аптеки,Мед-сервіс,-199.5,199.5,1,-40199.18
15-07-25,July,Аптеки,АНЦ,-128.9,128.9,1,-39999.68
14-07-25,July,Зарахування зі своєї картки,Зі своєї картки *9770,33.59,33.59,0,-39870.78
14-07-25,July,Заощадження,Зарахування зі Скарбнички,5,5,0,-39904.37
14-07-25,July,Дім та ремонт,Копійочка,-109.9,109.9,1,-39909.37
14-07-25,July,Супермаркети та продукти,Alma,-401.5,401.5,1,-39799.47
13-07-25,July,Заощадження,Зарахування зі Скарбнички,8.19,8.19,0,-39397.97
13-07-25,July,Авто,BVS,-589.9,589.9,1,-39406.16
11-07-25,July,Заощадження,Зарахування зі Скарбнички,6.11,6.11,0,-38816.26
11-07-25,July,Одяг та взуття,"""EconomClass""",-227.79,227.79,1,-38822.37
10-07-25,July,Авто,"AZS 0715, V.LUCHKY",-999.97,999.97,1,-38594.58
10-07-25,July,Супермаркети та продукти,Alma,-135.18,135.18,1,-37594.61
10-07-25,July,Супермаркети та продукти,Roshen,-154.32,154.32,1,-37459.43
10-07-25,July,Супермаркети та продукти,Alma,-244.72,244.72,1,-37305.11
10-07-25,July,Дім та ремонт,Аврора,-29,29,1,-37060.39
10-07-25,July,Краса,EVA,-33.99,33.99,1,-37031.39
10-07-25,July,Супермаркети та продукти,АТБ,-127.8,127.8,1,-36997.4
10-07-25,July,Книги та канцтовари,"FOP SHABAKOVSKA N.P., vul.Ilony Zrini bud.1",-470,470,1,-36869.6
09-07-25,July,Супермаркети та продукти,АТБ,-272.51,272.51,1,-36399.6
09-07-25,July,Зарахування зі своєї картки,Зі своєї картки *9770,29,29,0,-36127.09
08-07-25,July,Зарахування зі своєї картки,Зі своєї картки *9770,9,9,0,-36156.09
08-07-25,July,Супермаркети та продукти,Alma,-209.98,209.98,1,-36165.09
08-07-25,July,Краса,EVA,-192.98,192.98,1,-35955.11
08-07-25,July,Одяг та взуття,Магазин Мелiса,-121.32,121.32,1,-35762.13
07-07-25,July,Зарахування зі своєї картки,Зі своєї картки *9770,74.43,74.43,0,-35640.81
07-07-25,July,Зарахування зі своєї картки,Зі своєї картки *9770,170,170,0,-35715.24
07-07-25,July,Зарахування,"Кешбек 15.55UAH. (ПДФО 2.8UAH, ВЗ 0.78UAH)",11.97,11.97,0,-35885.24
07-07-25,July,Дім та ремонт,Копійочка,-181.5,181.5,1,-35897.21
07-07-25,July,Одяг та взуття,"""EconomClass""",-434.71,434.71,1,-35715.71
07-07-25,July,Дім та ремонт,Аврора,-64,64,1,-35281
07-07-25,July,Зарахування,"Кешбек 25.83UAH. (ПДФО 4.65UAH, ВЗ 1.29UAH)",19.89,19.89,0,-35217
07-07-25,July,Зарахування зі своєї картки,Зі своєї картки *9770,330,330,0,-35236.89
07-07-25,July,Аптеки,АПТЕКА БАМ,-326,326,1,-35566.89
07-07-25,July,Краса,EVA,-534.84,534.84,1,-35240.89
06-07-25,July,Зарахування,"Кешбек 16.06UAH. (ПДФО 2.89UAH, ВЗ 0.8UAH)",12.37,12.37,0,-34706.05
05-07-25,July,Зарахування зі своєї картки,Зі своєї картки *9770,880,880,0,-34718.42
05-07-25,July,Супермаркети та продукти,Alma,-198.46,198.46,1,-35598.42
05-07-25,July,Супермаркети та продукти,АТБ,-337.09,337.09,1,-35399.96
05-07-25,July,Зарахування зі своєї картки,Зі своєї картки *7924,24.2,24.2,0,-35062.87
05-07-25,July,Зарахування,"Кешбек 4.38UAH. (ПДФО 0.79UAH, ВЗ 0.22UAH)",3.37,3.37,0,-35087.07
04-07-25,July,Супермаркети та продукти,НАШ МАГАЗИН,-42,42,1,-35090.44
04-07-25,July,Супермаркети та продукти,НАШ МАГАЗИН,-104,104,1,-35048.44
04-07-25,July,Зарахування зі своєї картки,Зі своєї картки *9770,900,900,0,-34944.44
04-07-25,July,Зарахування,"Кешбек 176.46UAH. (ПДФО 31.76UAH, ВЗ 8.82UAH)",135.88,135.88,0,-35844.44
04-07-25,July,Авто,"AZS 0715, V.LUCHKY",-49,49,1,-35980.32
04-07-25,July,Авто,"AZS 0715, V.LUCHKY",-999.97,999.97,1,-35931.32
04-07-25,July,Супермаркети та продукти,АТБ,-423.3,423.3,1,-34931.35
04-07-25,July,Супермаркети та продукти,АТБ,-490.94,490.94,1,-34508.05
04-07-25,July,Супермаркети та продукти,Alma,-94.98,94.98,1,-34017.11
04-07-25,July,Супермаркети та продукти,ТИСА,-300,300,1,-33922.13
04-07-25,July,Аптеки,Аптека Подорожник 1608,-121,121,1,-33622.13
04-07-25,July,Одяг та взуття,"""EconomClass""",-123.65,123.65,1,-33501.13
04-07-25,July,Послуги,Укрпошта,-439,439,1,-33377.48
04-07-25,July,Кредити,Щомісячний платіж. «Оплата частинами». № 25060438853728,-323.19,323.19,1,-32938.48
03-07-25,July,Супермаркети та продукти,ВОПАК ЯРОЦЬКIЙ,-39.9,39.9,1,-32615.29
03-07-25,July,Медичні послуги,ОРТОДОНТИЧНА ПРИВАТНА ПРАКТИКА,-2800,2800,1,-32575.39
03-07-25,July,Зарахування,"Кешбек 5.3UAH. (ПДФО 0.95UAH, ВЗ 0.27UAH)",4.08,4.08,0,-29775.39
03-07-25,July,Супермаркети та продукти,АТБ,-126.82,126.82,1,-29779.47
03-07-25,July,Книги та канцтовари,"FOP SHABAKOVSKA N.P., vul.Ilony Zrini bud.1",-50,50,1,-29652.65
03-07-25,July,Зарахування,"Кешбек 11.73UAH. (ПДФО 2.11UAH, ВЗ 0.59UAH)",9.03,9.03,0,-29602.65
03-07-25,July,Супермаркети та продукти,"KOLOSOK, ILONY ZRINI 2",-45,45,1,-29611.68
03-07-25,July,Супермаркети та продукти,ТИСА,-230,230,1,-29566.68
03-07-25,July,Краса,EVA,-115.93,115.93,1,-29336.68
02-07-25,July,Зарахування зі своєї картки,Зі своєї картки *9770,50.5,50.5,0,-29220.75
02-07-25,July,Заощадження,Зарахування зі Скарбнички,5,5,0,-29271.25
02-07-25,July,Зарахування,"Кешбек 14.26UAH. (ПДФО 2.57UAH, ВЗ 0.71UAH)",10.98,10.98,0,-29276.25
02-07-25,July,Супермаркети та продукти,АТБ,-90,90,1,-29287.23
02-07-25,July,Дім та ремонт,Real Beauty,-110,110,1,-29197.23
02-07-25,July,Одяг та взуття,"Aladin, Ukraine, area Zakarpatska, dis",-89,89,1,-29087.23
02-07-25,July,Дім та ремонт,Аврора,-67,67,1,-28998.23
02-07-25,July,Книги та канцтовари,"FOP SHABAKOVSKA N.P., vul.Ilony Zrini bud.1",-35,35,1,-28931.23
02-07-25,July,Супермаркети та продукти,Roshen,-40.3,40.3,1,-28896.23
01-07-25,July,"Ресторани, кафе, бари",Кафе-магазин,-44,44,1,-28855.93
01-07-25,July,Зарахування,"Кешбек 30.43UAH. (ПДФО 5.48UAH, ВЗ 1.52UAH)",23.43,23.43,0,-28811.93
01-07-25,July,Супермаркети та продукти,АТБ,-115.6,115.6,1,-28835.36
01-07-25,July,Супермаркети та продукти,Alma,-898.72,898.72,1,-28719.76
01-07-25,July,Заощадження,Зарахування зі Скарбнички,3.83,3.83,0,-27821.04
01-07-25,July,Зарахування зі своєї картки,Зі своєї картки *9770,1960,1960,0,-27824.87
01-07-25,July,Кредити,Списання відсотків за використання кредитного ліміту. За ставкою 3.4 відсотка нараховано 1315.49 UAH,-1315.49,1315.49,1,-29784.87
30-06-25,June,Зарахування зі своєї картки,Зі своєї картки *9770,95,95,0,-28469.38
30-06-25,June,Зарахування зі своєї картки,Зі своєї картки *9770,61.12,61.12,0,-28564.38
30-06-25,June,Заощадження,Зарахування зі Скарбнички,5,5,0,-28625.5
29-06-25,June,Зарахування зі своєї картки,Зі своєї картки *9770,88.3,88.3,0,-28630.5
27-06-25,June,Зарахування зі своєї картки,Зі своєї картки *9770,726,726,0,-28718.8
27-06-25,June,Супермаркети та продукти,Сільпо,-144,144,1,-29444.8
27-06-25,June,Супермаркети та продукти,Сільпо,-88.88,88.88,1,-29300.8
27-06-25,June,Одяг та взуття,"MAGAZYN VESELKA, VUL.MOSTOVA 6",-50,50,1,-29211.92
27-06-25,June,Одяг та взуття,"MAGAZYN VESELKA, VUL.MOSTOVA 6",-100,100,1,-29161.92
27-06-25,June,Супермаркети та продукти,АТБ,-89,89,1,-29061.92
27-06-25,June,Краса,Prostor,-76.9,76.9,1,-28972.92
27-06-25,June,Одяг та взуття,FOR KIDS,-195,195,1,-28896.02
27-06-25,June,Супермаркети та продукти,Alma,-58.98,58.98,1,-28701.02
27-06-25,June,Зарахування зі своєї картки,Зі своєї картки *9770,16812.44,16812.44,0,-28642.04
27-06-25,June,Супермаркети та продукти,АТБ,-242.6,242.6,1,-45454.48
26-06-25,June,Супермаркети та продукти,АТБ,-146.1,146.1,1,-45211.88
25-06-25,June,Супермаркети та продукти,АТБ,-150.2,150.2,1,-45065.78
25-06-25,June,Аптеки,АНЦ,-23.53,23.53,1,-44915.58
25-06-25,June,Аптеки,Мед-сервіс,-57,57,1,-44892.05
25-06-25,June,Дім та ремонт,Аврора,-29,29,1,-44835.05
24-06-25,June,Авто,"AZS 0715, V.LUCHKY",-999.97,999.97,1,-44806.05
24-06-25,June,Супермаркети та продукти,Alma,-581.98,581.98,1,-43806.08
24-06-25,June,Дім та ремонт,Аврора,-93,93,1,-43224.1
23-06-25,June,Супермаркети та продукти,Alma,-85.4,85.4,1,-43131.1
23-06-25,June,Краса,EVA,-109,109,1,-43045.7
20-06-25,June,Супермаркети та продукти,Alma,-605.97,605.97,1,-42936.7
20-06-25,June,Супермаркети та продукти,АТБ,-276.9,276.9,1,-42330.73
20-06-25,June,Зарахування переказу,Бігарі С.,200,200,0,-42053.83
20-06-25,June,Дім та ремонт,Аврора,-39,39,1,-42253.83
20-06-25,June,Аптеки,АНЦ,-210.25,210.25,1,-42214.83
19-06-25,June,Супермаркети та продукти,АТБ,-190.8,190.8,1,-42004.58
18-06-25,June,Супермаркети та продукти,Alma,-297.37,297.37,1,-41813.78
18-06-25,June,Супермаркети та продукти,АТБ,-119.1,119.1,1,-41516.41
18-06-25,June,Зарахування зі своєї картки,Зі своєї картки *9770,11,11,0,-41397.31
17-06-25,June,Зарахування,"Кешбек 13.23UAH. (ПДФО 2.38UAH, ВЗ 0.66UAH)",10.19,10.19,0,-41408.31
17-06-25,June,Авто,"AZS 0715, V.LUCHKY",-999.95,999.95,1,-41418.5
17-06-25,June,Супермаркети та продукти,Alma,-178.43,178.43,1,-40418.55
17-06-25,June,Зарахування,"Кешбек 8.52UAH. (ПДФО 1.53UAH, ВЗ 0.43UAH)",6.56,6.56,0,-40240.12
17-06-25,June,Краса,Prostor,-284,284,1,-40246.68
17-06-25,June,Зарахування,"Кешбек 15.93UAH. (ПДФО 2.87UAH, ВЗ 0.8UAH)",12.26,12.26,0,-39962.68
17-06-25,June,Супермаркети та продукти,Alma,-170.77,170.77,1,-39974.94
17-06-25,June,Краса,EVA,-164,164,1,-39804.17
17-06-25,June,Одяг та взуття,"""EconomClass""",-196.18,196.18,1,-39640.17
16-06-25,June,Зарахування,"Кешбек 1.44UAH. (ПДФО 0.26UAH, ВЗ 0.07UAH)",1.11,1.11,0,-39443.99
16-06-25,June,Супермаркети та продукти,Alma,-47.95,47.95,1,-39445.1
16-06-25,June,Зарахування,"Кешбек 9.03UAH. (ПДФО 1.63UAH, ВЗ 0.45UAH)",6.95,6.95,0,-39397.15
16-06-25,June,Краса,EVA,-267,267,1,-39404.1
16-06-25,June,Дім та ремонт,Аврора,-34,34,1,-39137.1
15-06-25,June,Зарахування,"Кешбек 7.87UAH. (ПДФО 1.42UAH, ВЗ 0.39UAH)",6.06,6.06,0,-39103.1
15-06-25,June,"Ресторани, кафе, бари",Кафе-магазин,-22.34,22.34,1,-39109.16
15-06-25,June,Супермаркети та продукти,НАШ МАГАЗИН,-239.96,239.96,1,-39086.82
15-06-25,June,Зарахування,"Кешбек 11.88UAH. (ПДФО 2.14UAH, ВЗ 0.59UAH)",9.15,9.15,0,-38846.86
14-06-25,June,"Ресторани, кафе, бари",Кафе-магазин,-191,191,1,-38856.01
14-06-25,June,"Ресторани, кафе, бари",ФОП Берец Анастасия иванивна,-205,205,1,-38665.01
13-06-25,June,Зарахування зі своєї картки,Зі своєї картки *9770,14.47,14.47,0,-38460.01
13-06-25,June,Супермаркети та продукти,Alma,-233.26,233.26,1,-38474.48
13-06-25,June,Супермаркети та продукти,АТБ,-201.5,201.5,1,-38241.22
13-06-25,June,Супермаркети та продукти,Сільпо,-39.98,39.98,1,-38039.72
13-06-25,June,Зарахування зі своєї картки,Зі своєї картки *9770,50,50,0,-37999.74
13-06-25,June,Краса,EVA,-172.99,172.99,1,-38049.74
13-06-25,June,Зарахування зі своєї картки,Зі своєї картки *9770,2200,2200,0,-37876.75
12-06-25,June,Зарахування,"Кешбек 14.16UAH. (ПДФО 2.55UAH, ВЗ 0.71UAH)",10.9,10.9,0,-40076.75
12-06-25,June,Супермаркети та продукти,Alma,-266.4,266.4,1,-40087.65
12-06-25,June,Супермаркети та продукти,АТБ,-187.8,187.8,1,-39821.25
12-06-25,June,Дім та ремонт,Аврора,-18,18,1,-39633.45
12-06-25,June,Зарахування,"Кешбек 8.08UAH. (ПДФО 1.45UAH, ВЗ 0.4UAH)",6.23,6.23,0,-39615.45
12-06-25,June,Супермаркети та продукти,НАШ МАГАЗИН,-269.33,269.33,1,-39621.68
11-06-25,June,Зарахування,"Кешбек 4.02UAH. (ПДФО 0.72UAH, ВЗ 0.2UAH)",3.1,3.1,0,-39352.35
11-06-25,June,Супермаркети та продукти,АТБ,-134,134,1,-39355.45
10-06-25,June,Зарахування,"Кешбек 12.38UAH. (ПДФО 2.23UAH, ВЗ 0.62UAH)",9.53,9.53,0,-39221.45
10-06-25,June,Краса,EVA,-43.79,43.79,1,-39230.98
10-06-25,June,Аптеки,Аптека Бажаємо здоровя,-90,90,1,-39187.19
10-06-25,June,Краса,EVA,-244,244,1,-39097.19
10-06-25,June,Супермаркети та продукти,Roshen,-17.89,17.89,1,-38853.19
06-06-25,June,Супермаркети та продукти,НАШ МАГАЗИН,-17,17,1,-38835.3
06-06-25,June,Зарахування,"Кешбек 31.94UAH. (ПДФО 5.75UAH, ВЗ 1.6UAH)",24.59,24.59,0,-38818.3
06-06-25,June,Авто,"AZS 0715, V.LUCHKY",-999.77,999.77,1,-38842.89
06-06-25,June,Супермаркети та продукти,АТБ,-64.9,64.9,1,-37843.12
05-06-25,June,Зарахування зі своєї картки,Зі своєї картки *9770,200,200,0,-37778.22
05-06-25,June,Зарахування,"Кешбек 32.14UAH. (ПДФО 5.79UAH, ВЗ 1.61UAH)",24.74,24.74,0,-37978.22
05-06-25,June,Супермаркети та продукти,Alma,-467.95,467.95,1,-38002.96
05-06-25,June,Супермаркети та продукти,АТБ,-147.2,147.2,1,-37535.01
05-06-25,June,Дім та ремонт,Аврора,-77,77,1,-37387.81
05-06-25,June,Супермаркети та продукти,Сільпо,-379,379,1,-37310.81
05-06-25,June,Зарахування,"Кешбек 9.42UAH. (ПДФО 1.7UAH, ВЗ 0.47UAH)",7.25,7.25,0,-36931.81
05-06-25,June,Краса,EVA,-314,314,1,-36939.06
05-06-25,June,Зарахування зі своєї картки,Зі своєї картки *9770,500,500,0,-36625.06
04-06-25,June,Зарахування,"Кешбек 15.07UAH. (ПДФО 2.71UAH, ВЗ 0.75UAH)",11.61,11.61,0,-37125.06
04-06-25,June,Супермаркети та продукти,АТБ,-502.2,502.2,1,-37136.67
04-06-25,June,Зарахування,"Кешбек 4.65UAH. (ПДФО 0.84UAH, ВЗ 0.23UAH)",3.58,3.58,0,-36634.47
04-06-25,June,Одяг та взуття,LUXOR Iмiдж,-115,115,1,-36638.05
04-06-25,June,Книги та канцтовари,"МАГАЗИН ""Свiт канцелярiї""",-40,40,1,-36523.05
04-06-25,June,Зарахування,"Кешбек 7.44UAH. (ПДФО 1.34UAH, ВЗ 0.37UAH)",5.73,5.73,0,-36483.05
04-06-25,June,Супермаркети та продукти,Сільпо,-248,248,1,-36488.78
04-06-25,June,Інше,ОПЛАТА ЧАСТИНАМИ. Оплата частинами.,-323,323,1,-36240.78
03-06-25,June,Зарахування,"Кешбек 3.6UAH. (ПДФО 0.65UAH, ВЗ 0.18UAH)",2.77,2.77,0,-35917.78
03-06-25,June,Супермаркети та продукти,НАШ МАГАЗИН,-120,120,1,-35920.55
03-06-25,June,Зарахування,"Кешбек 3.3UAH. (ПДФО 0.59UAH, ВЗ 0.17UAH)",2.54,2.54,0,-35800.55
03-06-25,June,Одяг та взуття,FullBox,-110,110,1,-35803.09
03-06-25,June,Зарахування,"Кешбек 2.16UAH. (ПДФО 0.39UAH, ВЗ 0.11UAH)",1.66,1.66,0,-35693.09
03-06-25,June,Аптеки,Мед-сервіс,-72,72,1,-35694.75
03-06-25,June,Зарахування,"Кешбек 45.92UAH. (ПДФО 8.27UAH, ВЗ 2.3UAH)",35.35,35.35,0,-35622.75
02-06-25,June,Супермаркети та продукти,НАШ МАГАЗИН,-50,50,1,-35658.1
02-06-25,June,Супермаркети та продукти,Alma,-245.36,245.36,1,-35608.1
02-06-25,June,Краса,EVA,-33.99,33.99,1,-35362.74
02-06-25,June,Послуги,Укрпошта,-1201.36,1201.36,1,-35328.75
02-06-25,June,Зарахування зі своєї картки,Зі своєї картки *9770,47,47,0,-34127.39
02-06-25,June,Зарахування,"Кешбек 9UAH. (ПДФО 1.62UAH, ВЗ 0.45UAH)",6.93,6.93,0,-34174.39
02-06-25,June,Зарахування,"Термінал самообслуговування: М МУКАЧЕВО, ВУЛ. ІВАНА ФЕДОРОВА, БУД. 6, ЦУМ",298,298,0,-34181.32
02-06-25,June,Аптеки,Аптека 28,-300,300,1,-34479.32
01-06-25,June,Зарахування,"Кешбек 9.38UAH. (ПДФО 1.69UAH, ВЗ 0.47UAH)",7.22,7.22,0,-34179.32
01-06-25,June,Супермаркети та продукти,АТБ,-163.5,163.5,1,-34186.54
01-06-25,June,Одяг та взуття,sinsay,-149,149,1,-34023.04
01-06-25,June,Зарахування зі своєї картки,Зі своєї картки *9770,1000,1000,0,-33874.04
01-06-25,June,Комуналка та Інтернет,"Закарпаттяенергозбут, ТОВ (Мукачівський район). Коментар: Za enerhopostachannia vid Fedelesh Ivan Vasyl'ovych, o/r 180830546, , 01.05.2025 - 31.05.2",-1592.76,1592.76,1,-34874.04
01-06-25,June,Комуналка та Інтернет,"АВЕ Мукачево, ТОВ. Коментар: Oplata za vyviz TPV o/r 9-17600 adresa s.Horonda, vul.Lintura (Lenina), bud. 38 vid Bi",-201,201,1,-33281.28
01-06-25,June,Комуналка та Інтернет,"Газорозподільні мережі України. Коментар: Posluhy za rozpodil (dostavku) hazu, 0500118455, Fedelesh Ivan Vasyl'ovych, vul. Lintura",-315.82,315.82,1,-33080.28
01-06-25,June,Комуналка та Інтернет,"Нафтогаз. Коментар: Plata za spozhytyi haz vid Fedelesh  Ivan Vasyl'ovych, o/r: 130207393, vul. Lintura, bud.",-2001,2001,1,-32764.46
01-06-25,June,Кредити,"Списання відсотків за використання кредитного ліміту. За ставкою 3,4 відсотка нараховано 1792,27 UAH",-1792.27,1792.27,1,-30763.46
31-05-25,May,Зарахування,"Кешбек 5.88UAH. (ПДФО 1.06UAH, ВЗ 0.29UAH)",4.53,4.53,0,-28971.19
31-05-25,May,"Ресторани, кафе, бари",Кафе-магазин,-195.88,195.88,1,-28975.72
30-05-25,May,Зарахування,"Кешбек 41.07UAH. (ПДФО 7.39UAH, ВЗ 2.05UAH)",31.63,31.63,0,-28779.84
30-05-25,May,Супермаркети та продукти,Alma,-307.26,307.26,1,-28811.47
30-05-25,May,Супермаркети та продукти,АТБ,-221.3,221.3,1,-28504.21
30-05-25,May,Дім та ремонт,Епіцентр,-793,793,1,-28282.91
30-05-25,May,Супермаркети та продукти,Alma,-47.49,47.49,1,-27489.91
30-05-25,May,Зарахування,"Кешбек 4.38UAH. (ПДФО 0.79UAH, ВЗ 0.22UAH)",3.37,3.37,0,-27442.42
30-05-25,May,Супермаркети та продукти,Сільпо,-145.93,145.93,1,-27445.79
29-05-25,May,Зарахування,"Кешбек 35.51UAH. (ПДФО 6.39UAH, ВЗ 1.78UAH)",27.34,27.34,0,-27299.86
29-05-25,May,Авто,"AZS 0715, V.LUCHKY",-999.77,999.77,1,-27327.2
29-05-25,May,Супермаркети та продукти,АТБ,-183.92,183.92,1,-26327.43
29-05-25,May,Зарахування зі своєї картки,Зі своєї картки *9770,809.62,809.62,0,-26143.51
29-05-25,May,Зарахування зі своєї картки,Зі своєї картки *9770,8000,8000,0,-26953.13
28-05-25,May,Зарахування,"Кешбек 9.81UAH. (ПДФО 1.77UAH, ВЗ 0.49UAH)",7.55,7.55,0,-34953.13
28-05-25,May,Супермаркети та продукти,Alma,-326.92,326.92,1,-34960.68
27-05-25,May,Зарахування,"Кешбек 7.2UAH. (ПДФО 1.3UAH, ВЗ 0.36UAH)",5.54,5.54,0,-34633.76
27-05-25,May,Супермаркети та продукти,Alma,-120.26,120.26,1,-34639.3
27-05-25,May,Супермаркети та продукти,АТБ,-119.6,119.6,1,-34519.04
26-05-25,May,Зарахування зі своєї картки,Зі своєї картки *3008,4.58,4.58,0,-34399.44
26-05-25,May,Заощадження,Зарахування зі Скарбнички,2,2,0,-34404.02
25-05-25,May,Зарахування,"Кешбек 2.03UAH. (ПДФО 0.37UAH, ВЗ 0.1UAH)",1.56,1.56,0,-34406.02
25-05-25,May,"Ресторани, кафе, бари",Кафе-магазин,-67.62,67.62,1,-34407.58
24-05-25,May,Зарахування,"Кешбек 5.98UAH. (ПДФО 1.08UAH, ВЗ 0.3UAH)",4.6,4.6,0,-34339.96
24-05-25,May,Супермаркети та продукти,АТБ,-199.4,199.4,1,-34344.56
24-05-25,May,Зарахування,"Кешбек 5.52UAH. (ПДФО 0.99UAH, ВЗ 0.28UAH)",4.25,4.25,0,-34145.16
24-05-25,May,"Ресторани, кафе, бари",Кафе-магазин,-184,184,1,-34149.41
23-05-25,May,Зарахування,"Кешбек 15.28UAH. (ПДФО 2.75UAH, ВЗ 0.76UAH)",11.77,11.77,0,-33965.41
23-05-25,May,Супермаркети та продукти,АТБ,-348,348,1,-33977.18
23-05-25,May,Краса,EVA,-16.39,16.39,1,-33629.18
23-05-25,May,Дім та ремонт,Аврора,-27,27,1,-33612.79
23-05-25,May,Супермаркети та продукти,Alma,-117.98,117.98,1,-33585.79
22-05-25,May,Зарахування,"Кешбек 10.02UAH. (ПДФО 1.8UAH, ВЗ 0.5UAH)",7.72,7.72,0,-33467.81
22-05-25,May,Супермаркети та продукти,Alma,-115.43,115.43,1,-33475.53
22-05-25,May,Послуги,Нова пошта,-80,80,1,-33360.1
22-05-25,May,Супермаркети та продукти,АТБ,-141.5,141.5,1,-33280.1
22-05-25,May,Краса,EVA,-76.98,76.98,1,-33138.6
22-05-25,May,Дім та ремонт,Аврора,-27,27,1,-33061.62
21-05-25,May,Супермаркети та продукти,Alma,-700.56,700.56,1,-33034.62
21-05-25,May,Авто,"AZS 0715, V.LUCHKY",-999.77,999.77,1,-32334.06
20-05-25,May,Супермаркети та продукти,Alma,-334.4,334.4,1,-31334.29
20-05-25,May,Супермаркети та продукти,Roshen,-53.01,53.01,1,-30999.89
19-05-25,May,Краса,EVA,-64.9,64.9,1,-30946.88
19-05-25,May,Зарахування зі своєї картки,Зі своєї картки *9770,104,104,0,-30881.98
19-05-25,May,Краса,EVA,-362.9,362.9,1,-30985.98
19-05-25,May,Книги та канцтовари,"МАГАЗИН ""Свiт канцелярiї""",-113,113,1,-30623.08
18-05-25,May,Супермаркети та продукти,Alma,-247.57,247.57,1,-30510.08
16-05-25,May,Краса,EVA,-259,259,1,-30262.51
16-05-25,May,Супермаркети та продукти,Roshen,-170,170,1,-30003.51
16-05-25,May,Дім та ремонт,MA VIE,-445,445,1,-29833.51
16-05-25,May,Супермаркети та продукти,Alma,-59.18,59.18,1,-29388.51
16-05-25,May,Супермаркети та продукти,АТБ,-332.9,332.9,1,-29329.33
15-05-25,May,Супермаркети та продукти,НАШ МАГАЗИН,-20,20,1,-28996.43
15-05-25,May,Супермаркети та продукти,НАШ МАГАЗИН,-35,35,1,-28976.43
15-05-25,May,Супермаркети та продукти,Alma,-493.49,493.49,1,-28941.43
15-05-25,May,Аптеки,Мед-сервіс,-180.8,180.8,1,-28447.94
15-05-25,May,Авто,"AZS 0715, V.LUCHKY",-999.77,999.77,1,-28267.14
14-05-25,May,Дім та ремонт,Аврора,-29,29,1,-27267.37
14-05-25,May,Аптеки,Аптека 12,-272.63,272.63,1,-27238.37
14-05-25,May,Аптеки,Аптека Бажаємо здоровя,-513.6,513.6,1,-26965.74
14-05-25,May,Зарахування зі своєї картки,Зі своєї картки *9770,80,80,0,-26452.14
14-05-25,May,Аптеки,Мед-сервіс,-318.8,318.8,1,-26532.14
14-05-25,May,Аптеки,Мед-сервіс,-38.7,38.7,1,-26213.34
14-05-25,May,Зарахування зі своєї картки,Зі своєї картки *9770,350,350,0,-26174.64
14-05-25,May,Зарахування зі своєї картки,Зі своєї картки *9770,2000,2000,0,-26524.64
13-05-25,May,Супермаркети та продукти,Alma,-737.7,737.7,1,-28524.64
13-05-25,May,"Ресторани, кафе, бари",Львівські круасани,-69,69,1,-27786.94
12-05-25,May,Дім та ремонт,Аврора,-37,37,1,-27717.94
11-05-25,May,Краса,EVA,-184.98,184.98,1,-27680.94
11-05-25,May,Одяг та взуття,"MAGAZYN VESELKA, VUL.MOSTOVA 6",-70,70,1,-27495.96
11-05-25,May,Послуги,Укрпошта,-346,346,1,-27425.96
10-05-25,May,Розваги,Agro-Market,-170,170,1,-27079.96
09-05-25,May,Супермаркети та продукти,Alma,-362.01,362.01,1,-26909.96
09-05-25,May,Супермаркети та продукти,Roshen,-167.02,167.02,1,-26547.95
09-05-25,May,Супермаркети та продукти,Alma,-48.69,48.69,1,-26380.93
09-05-25,May,Аптеки,Аптека 28,-27.2,27.2,1,-26332.24
09-05-25,May,Аптеки,Aптека доброго дня,-49.9,49.9,1,-26305.04
09-05-25,May,Супермаркети та продукти,АТБ,-246.1,246.1,1,-26255.14
08-05-25,May,Супермаркети та продукти,"TSENTRALNYI MARKET, STRABYCHOVO",-30,30,1,-26009.04
08-05-25,May,Дім та ремонт,Аврора,-237,237,1,-25979.04
07-05-25,May,Супермаркети та продукти,Alma,-245.11,245.11,1,-25742.04
07-05-25,May,Дім та ремонт,Аврора,-29,29,1,-25496.93
06-05-25,May,Медичні послуги,ОРТОДОНТИЧНА ПРИВАТНА ПРАКТИКА,-2100,2100,1,-25467.93
06-05-25,May,Авто,"AZS 0715, V.LUCHKY",-999.77,999.77,1,-23367.93
06-05-25,May,Краса,EVA,-56,56,1,-22368.16
06-05-25,May,Краса,Prostor,-220,220,1,-22312.16
05-05-25,May,Супермаркети та продукти,Alma,-36.49,36.49,1,-22092.16
05-05-25,May,Кредити,Щомісячний платіж. «Оплата частинами». № 24120537696693,-323.19,323.19,1,-22055.67
03-05-25,May,"Ресторани, кафе, бари",Кафе ФОП Верецька ОЗ,-52,52,1,-21732.48
03-05-25,May,Послуги,Укрпошта,-55,55,1,-21680.48
03-05-25,May,Послуги,NovaPay,-80,80,1,-21625.48
03-05-25,May,"Ресторани, кафе, бари",Кафе-магазин,-183,183,1,-21545.48
02-05-25,May,"Ресторани, кафе, бари",Кафе-магазин,-59,59,1,-21362.48
02-05-25,May,Супермаркети та продукти,Alma,-48.69,48.69,1,-21303.48
02-05-25,May,Супермаркети та продукти,Roshen,-26.94,26.94,1,-21254.79
02-05-25,May,Супермаркети та продукти,Сільпо,-134.98,134.98,1,-21227.85
01-05-25,May,Супермаркети та продукти,НАШ МАГАЗИН,-70,70,1,-21092.87
01-05-25,May,Авто,"AZS 0715, V.LUCHKY",-999.57,999.57,1,-21022.87
01-05-25,May,Супермаркети та продукти,Alma,-224.49,224.49,1,-20023.3
01-05-25,May,Дім та ремонт,Аврора,-4,4,1,-19798.81
01-05-25,May,Зарахування зі своєї картки,Зі своєї картки *9770,30,30,0,-19794.81
01-05-25,May,Заощадження,Зарахування зі Скарбнички,7,7,0,-19824.81
01-05-25,May,Комуналка та Інтернет,"АВЕ Мукачево, ТОВ. Коментар: Oplata za vyviz TPV o/r 9-17600 adresa s.Horonda, vul.Lintura (Lenina), bud. 38 vid Bi",-201,201,1,-19831.81
01-05-25,May,Комуналка та Інтернет,"Нафтогаз. Коментар: Plata za spozhytyi haz vid Bihari Vasyl' Vasyl'ovych, o/r: 130207393, vul. Lintura, bud.",-1701,1701,1,-19630.81
01-05-25,May,Комуналка та Інтернет,"Газорозподільні мережі України. Коментар: Posluhy za rozpodil (dostavku) hazu, 0500118455, Fedelesh Ivan Vasyl'ovych, vul. Lintura",-315.82,315.82,1,-17929.81
01-05-25,May,Комуналка та Інтернет,"Закарпаттяенергозбут, ТОВ (Мукачівський район). Коментар: Za enerhopostachannia vid Fedelesh Ivan Vasyl'ovych, o/r 180830546, , 01.04.2025 - 30.04.2",-1575.48,1575.48,1,-17613.99
01-05-25,May,Послуги,Укрпошта,-1201.36,1201.36,1,-16038.51
30-04-25,April,Супермаркети та продукти,"TSENTRALNYI MARKET, STRABYCHOVO",-88.83,88.83,1,-14837.15
30-04-25,April,Аптеки,АНЦ,-183.85,183.85,1,-14748.32
30-04-25,April,Аптеки,Мед-сервіс,-260.4,260.4,1,-14564.47
29-04-25,April,Супермаркети та продукти,Alma,-194.94,194.94,1,-14304.07
29-04-25,April,Зарахування зі своєї картки,Зі своєї картки *9770,12910.22,12910.22,0,-14109.13
29-04-25,April,"Ресторани, кафе, бари",Кафе-магазин,-218.88,218.88,1,-27019.35
29-04-25,April,Зарахування зі своєї картки,Зі своєї картки *3008,8.83,8.83,0,-26800.47
29-04-25,April,Зарахування зі своєї картки,Зі своєї картки *9770,50,50,0,-26809.3
28-04-25,April,Супермаркети та продукти,Alma,-43.98,43.98,1,-26859.3
28-04-25,April,Дім та ремонт,Аврора,-46,46,1,-26815.32
28-04-25,April,Послуги,Укрпошта,-809,809,1,-26769.32
27-04-25,April,"Ресторани, кафе, бари",Кафе-магазин,-60,60,1,-25960.32
27-04-25,April,Заощадження,Зарахування зі Скарбнички,3.3,3.3,0,-25900.32
25-04-25,April,Зарахування зі своєї картки,Зі своєї картки *9770,105,105,0,-25903.62
25-04-25,April,Дім та ремонт,Аврора,-14,14,1,-26008.62
25-04-25,April,Дім та ремонт,Аврора,-158,158,1,-25994.62
25-04-25,April,Супермаркети та продукти,Roshen,-105.3,105.3,1,-25836.62
24-04-25,April,Супермаркети та продукти,Сільпо,-125,125,1,-25731.32
24-04-25,April,Дім та ремонт,Аврора,-29,29,1,-25606.32
24-04-25,April,"Ресторани, кафе, бари",Львівські круасани,-30,30,1,-25577.32
23-04-25,April,Зарахування зі своєї картки,Зі своєї картки *9770,150,150,0,-25547.32
23-04-25,April,Зарахування зі своєї картки,Зі своєї картки *9770,3030,3030,0,-25697.32
23-04-25,April,Авто,"AZS 0715, V.LUCHKY",-999.57,999.57,1,-28727.32
23-04-25,April,Краса,EVA,-103.99,103.99,1,-27727.75
22-04-25,April,Краса,EVA,-466.59,466.59,1,-27623.76
21-04-25,April,Зарахування зі своєї картки,Зі своєї картки *9770,719.53,719.53,0,-27157.17
19-04-25,April,Супермаркети та продукти,НАШ МАГАЗИН,-48,48,1,-27876.7
19-04-25,April,Розваги,Agro-Market,-1400,1400,1,-27828.7
19-04-25,April,Супермаркети та продукти,Магазин ABC,-90,90,1,-26428.7
18-04-25,April,Супермаркети та продукти,Alma,-199.62,199.62,1,-26338.7
18-04-25,April,Супермаркети та продукти,Alma,-516.52,516.52,1,-26139.08
18-04-25,April,Супермаркети та продукти,АТБ,-388.7,388.7,1,-25622.56
16-04-25,April,Супермаркети та продукти,НАШ МАГАЗИН,-114,114,1,-25233.86
16-04-25,April,Супермаркети та продукти,НАШ МАГАЗИН,-25,25,1,-25119.86
16-04-25,April,Дім та ремонт,Аврора,-93,93,1,-25094.86
16-04-25,April,Краса,Prostor,-277.1,277.1,1,-25001.86
16-04-25,April,Аптеки,АНЦ,-199.1,199.1,1,-24724.76
16-04-25,April,Зарахування зі своєї картки,Зі своєї картки *9770,520,520,0,-24525.66
16-04-25,April,Супермаркети та продукти,АТБ,-212.4,212.4,1,-25045.66
16-04-25,April,Супермаркети та продукти,АТБ,-1939.4,1939.4,1,-24833.26
15-04-25,April,Авто,АЗС 07-15,-999.57,999.57,1,-22893.86
15-04-25,April,Транспорт,"MMKP MUKACHIVPASTRANS, MUKACHEVO",-15,15,1,-21894.29
15-04-25,April,Аптеки,"APTEKA 4, MUKACHEVO",-681,681,1,-21879.29
15-04-25,April,Супермаркети та продукти,Roshen,-19.45,19.45,1,-21198.29
15-04-25,April,Аптеки,Аптека Хуст Фарм,-1546.18,1546.18,1,-21178.84
15-04-25,April,Аптеки,АПТЕКА БАМ,-1123.8,1123.8,1,-19632.66
15-04-25,April,Аптеки,Аптека оптовых ц,-270.6,270.6,1,-18508.86
15-04-25,April,Аптеки,Аптека низьких цін,-326.48,326.48,1,-18238.26
15-04-25,April,Аптеки,Аптека низьких цін,-1145.29,1145.29,1,-17911.78
14-04-25,April,Супермаркети та продукти,НАШ МАГАЗИН,-36,36,1,-16766.49
14-04-25,April,Супермаркети та продукти,НАШ МАГАЗИН,-460.75,460.75,1,-16730.49
14-04-25,April,Дім та ремонт,Аврора,-64,64,1,-16269.74
14-04-25,April,Одяг та взуття,"FOP DATSULA R.A., MUKACHEVO",-80,80,1,-16205.74
14-04-25,April,Краса,Prostor,-121.8,121.8,1,-16125.74
14-04-25,April,Краса,EVA,-540,540,1,-16003.94
14-04-25,April,Заощадження,Зарахування зі Скарбнички,9,9,0,-15463.94
14-04-25,April,Послуги,Укрпошта,-1521.88,1521.88,1,-15472.94
13-04-25,April,Супермаркети та продукти,Магазин продуктiв ABC,-208.8,208.8,1,-13951.06
13-04-25,April,Кредити,Щомісячний платіж. «Оплата частинами». № 24051336365252,-200.12,200.12,1,-13742.26
12-04-25,April,Дім та ремонт,ABC,-84,84,1,-13542.14
12-04-25,April,"Ресторани, кафе, бари",Кафе-магазин,-44,44,1,-13458.14
11-04-25,April,Зарахування зі своєї картки,Зі своєї картки *9770,13000,13000,0,-13414.14
11-04-25,April,Супермаркети та продукти,Alma,-487.83,487.83,1,-26414.14
11-04-25,April,Дім та ремонт,Епіцентр,-347.61,347.61,1,-25926.31
11-04-25,April,Супермаркети та продукти,АТБ,-52.6,52.6,1,-25578.7
11-04-25,April,Супермаркети та продукти,Alma,-70.98,70.98,1,-25526.1
10-04-25,April,Дім та ремонт,Епіцентр,-191.25,191.25,1,-25455.12
10-04-25,April,Краса,EVA,-54,54,1,-25263.87
09-04-25,April,Аптеки,Аптека Бажаємо здоровя,-29.5,29.5,1,-25209.87
09-04-25,April,Аптеки,Аптека Бажаємо здоровя,-222.8,222.8,1,-25180.37
09-04-25,April,Дім та ремонт,Аврора,-29,29,1,-24957.57
09-04-25,April,Послуги,Укрпошта,-315,315,1,-24928.57
09-04-25,April,Побутова техніка,ТелеСвiт,-210,210,1,-24613.57
08-04-25,April,Краса,EVA,-79.35,79.35,1,-24403.57
08-04-25,April,Зарахування зі своєї картки,Зі своєї картки *3008,8.92,8.92,0,-24324.22
08-04-25,April,Заощадження,Зарахування зі Скарбнички,8.5,8.5,0,-24333.14
08-04-25,April,Зарахування зі своєї картки,Зі своєї картки *9770,29,29,0,-24341.64
08-04-25,April,Краса,EVA,-279,279,1,-24370.64
07-04-25,April,Авто,"AZS 0715, V.LUCHKY",-999.62,999.62,1,-24091.64
07-04-25,April,Супермаркети та продукти,Alma,-249.59,249.59,1,-23092.02
06-04-25,April,Супермаркети та продукти,"TSENTRALNYI MARKET, STRABYCHOVO",-147.01,147.01,1,-22842.43
06-04-25,April,Дім та ремонт,Епіцентр,-942.04,942.04,1,-22695.42
06-04-25,April,Супермаркети та продукти,Alma,-529.97,529.97,1,-21753.38
05-04-25,April,"Ресторани, кафе, бари",Кафе-магазин,-166,166,1,-21223.41
05-04-25,April,Кредити,Щомісячний платіж. «Оплата частинами». № 24120537696693,-323.19,323.19,1,-21057.41
04-04-25,April,Зарахування зі своєї картки,Зі своєї картки *9770,40,40,0,-20734.22
04-04-25,April,"Ресторани, кафе, бари",Кафе-магазин,-140,140,1,-20774.22
04-04-25,April,Аптеки,"MOYA APTEKA, 49.GRAFA FON SHENBORNA ST.",-55,55,1,-20634.22
04-04-25,April,Супермаркети та продукти,Alma,-511.81,511.81,1,-20579.22
04-04-25,April,Дім та ремонт,Епіцентр,-194,194,1,-20067.41
04-04-25,April,Супермаркети та продукти,Alma,-23.38,23.38,1,-19873.41
04-04-25,April,Супермаркети та продукти,АТБ,-191.7,191.7,1,-19850.03
03-04-25,April,Супермаркети та продукти,Alma,-75.98,75.98,1,-19658.33
03-04-25,April,Супермаркети та продукти,Сільпо,-40.39,40.39,1,-19582.35
03-04-25,April,Дім та ремонт,Аврора,-178,178,1,-19541.96
03-04-25,April,Заощадження,Зарахування зі Скарбнички,7,7,0,-19363.96
03-04-25,April,Супермаркети та продукти,Roshen,-106.3,106.3,1,-19370.96
02-04-25,April,Супермаркети та продукти,АТБ,-164.1,164.1,1,-19264.66
02-04-25,April,Краса,EVA,-227.98,227.98,1,-19100.56
02-04-25,April,Супермаркети та продукти,Сільпо,-350.92,350.92,1,-18872.58
01-04-25,April,Супермаркети та продукти,Alma,-172,172,1,-18521.66
01-04-25,April,Авто,АЗС 07-07,-985.64,985.64,1,-18349.66
01-04-25,April,Дім та ремонт,Епіцентр,-213.75,213.75,1,-17364.02
01-04-25,April,Дім та ремонт,Аврора,-29,29,1,-17150.27
01-04-25,April,Комуналка та Інтернет,"Закарпаттяенергозбут, ТОВ (Мукачівський район). Коментар: Za enerhopostachannia vid Fedelesh Ivan Vasyl'ovych, o/r 180830546, , 01.03.2025 - 31.03.2",-1473.96,1473.96,1,-17121.27
01-04-25,April,Комуналка та Інтернет,"АВЕ Мукачево, ТОВ. Коментар: Oplata za vyviz TPV o/r 9-17600 adresa s.Horonda, vul.Lintura (Lenina), bud. 38 vid Bi",-166,166,1,-15647.31
01-04-25,April,Комуналка та Інтернет,"Газорозподільні мережі України. Коментар: Posluhy za rozpodil (dostavku) hazu, 0500118455, Fedelesh Ivan Vasyl'ovych, vul. Lintura",-315.81,315.81,1,-15481.31
01-04-25,April,Комуналка та Інтернет,"Нафтогаз. Коментар: Plata za spozhytyi haz vid Bihari Vasyl' Vasyl'ovych, o/r: 130207393, vul. Lintura, bud.",-1728.89,1728.89,1,-15165.5
31-03-25,March,Дім та ремонт,"HYPERMARKET, vul. Lavkivska 1D",-976.7,976.7,1,-13436.61
31-03-25,March,Супермаркети та продукти,Roshen,-39.87,39.87,1,-12459.91
30-03-25,March,"Ресторани, кафе, бари",Кафе-магазин,-153.94,153.94,1,-12420.04
28-03-25,March,Заощадження,Зарахування зі Скарбнички,5,5,0,-12266.1
28-03-25,March,Зарахування,"Кешбек 49.99UAH. (ПДФО 9UAH, ВЗ 2.5UAH)",38.49,38.49,0,-12271.1
28-03-25,March,Зарахування зі своєї картки,Зі своєї картки *9770,109.62,109.62,0,-12309.59
28-03-25,March,Зарахування зі своєї картки,Зі своєї картки *9770,12000,12000,0,-12419.21
28-03-25,March,Супермаркети та продукти,"TRANSKARPATIAN RITEIL, MUKACHEVO",-215.6,215.6,1,-24419.21
28-03-25,March,Дім та ремонт,Епіцентр,-310.48,310.48,1,-24203.61
28-03-25,March,Краса,Prostor,-167.2,167.2,1,-23893.13
28-03-25,March,Супермаркети та продукти,Alma,-355.51,355.51,1,-23725.93
27-03-25,March,Супермаркети та продукти,Roshen,-75.82,75.82,1,-23370.42
27-03-25,March,Одяг та взуття,DUNA,-100,100,1,-23294.6
27-03-25,March,Послуги,Укрпошта,-55,55,1,-23194.6
26-03-25,March,"Ресторани, кафе, бари",Львівські круасани,-113,113,1,-23139.6
26-03-25,March,Дім та ремонт,Аврора,-29,29,1,-23026.6
25-03-25,March,Супермаркети та продукти,"TSENTRALNYI MARKET, STRABYCHOVO",-34.4,34.4,1,-22997.6
25-03-25,March,Супермаркети та продукти,АТБ,-210.93,210.93,1,-22963.2
24-03-25,March,Супермаркети та продукти,Alma,-318.67,318.67,1,-22752.27
24-03-25,March,Послуги,Укрпошта,-1230.92,1230.92,1,-22433.6
24-03-25,March,Авто,"AZS 0715, V.LUCHKY",-999.84,999.84,1,-21202.68
21-03-25,March,Супермаркети та продукти,Alma,-194.3,194.3,1,-20202.84
21-03-25,March,Супермаркети та продукти,Alma,-128.05,128.05,1,-20008.54
21-03-25,March,Аптеки,Мед-сервіс,-102.8,102.8,1,-19880.49
21-03-25,March,Супермаркети та продукти,Сільпо,-184.74,184.74,1,-19777.69
21-03-25,March,Дім та ремонт,Аврора,-73,73,1,-19592.95
21-03-25,March,Супермаркети та продукти,Roshen,-75.82,75.82,1,-19519.95
20-03-25,March,Супермаркети та продукти,"DYVOTSIN VELYKI LUCHKY, VUL. MUKACHIVSKA, 275 B-1",-200.6,200.6,1,-19444.13
19-03-25,March,Супермаркети та продукти,АТБ,-89.11,89.11,1,-19243.53
18-03-25,March,Супермаркети та продукти,Alma,-86.15,86.15,1,-19154.42
18-03-25,March,Дім та ремонт,Аврора,-29,29,1,-19068.27
18-03-25,March,Супермаркети та продукти,Roshen,-27.96,27.96,1,-19039.27
17-03-25,March,Супермаркети та продукти,Alma,-355.64,355.64,1,-19011.31
17-03-25,March,Аптеки,АНЦ,-160.67,160.67,1,-18655.67
17-03-25,March,Краса,EVA,-78.5,78.5,1,-18495
15-03-25,March,Зарахування,"Кешбек 49.99UAH. (ПДФО 9UAH, ВЗ 2.5UAH)",38.49,38.49,0,-18416.5
15-03-25,March,Авто,"AZS 0715, V.LUCHKY",-999.87,999.87,1,-18454.99
15-03-25,March,Послуги,Укрпошта,-92,92,1,-17455.12
14-03-25,March,Супермаркети та продукти,Alma,-167.82,167.82,1,-17363.12
14-03-25,March,Супермаркети та продукти,Roshen,-56.4,56.4,1,-17195.3
14-03-25,March,Супермаркети та продукти,Сільпо,-153.75,153.75,1,-17138.9
14-03-25,March,Краса,EVA,-119,119,1,-16985.15
14-03-25,March,Супермаркети та продукти,ЗЕконом,-68,68,1,-16866.15
14-03-25,March,Зарахування зі своєї картки,Зі своєї картки *9770,4700,4700,0,-16798.15
14-03-25,March,Супермаркети та продукти,Roshen,-55.06,55.06,1,-21498.15
13-03-25,March,Супермаркети та продукти,Alma,-158.47,158.47,1,-21443.09
13-03-25,March,"Ресторани, кафе, бари",Львівські круасани,-63,63,1,-21284.62
13-03-25,March,Кредити,Щомісячний платіж. «Оплата частинами». № 24051336365252,-200.16,200.16,1,-21221.62
12-03-25,March,Супермаркети та продукти,Alma,-292.44,292.44,1,-21021.46
11-03-25,March,Супермаркети та продукти,Alma,-217.04,217.04,1,-20729.02
11-03-25,March,Краса,EVA,-82.35,82.35,1,-20511.98
11-03-25,March,Аптеки,Мед-сервіс,-144.5,144.5,1,-20429.63
10-03-25,March,Супермаркети та продукти,АТБ,-598.14,598.14,1,-20285.13
10-03-25,March,Одяг та взуття,"USI SIUDA, MUKACHEVO",-280,280,1,-19686.99
09-03-25,March,Заощадження,Зарахування зі Скарбнички,5,5,0,-19406.99
08-03-25,March,Зарахування,"ABNK, Dnipro",150,150,0,-19411.99
08-03-25,March,Розваги,Agro-Market,-120,120,1,-19561.99
07-03-25,March,Зарахування зі своєї картки,Зі своєї картки *9770,190,190,0,-19441.99
07-03-25,March,Розваги,Agro-Market,-1070,1070,1,-19631.99
07-03-25,March,Супермаркети та продукти,"TSENTRALNYI MARKET, STRABYCHOVO",-199.96,199.96,1,-18561.99
07-03-25,March,Супермаркети та продукти,Alma,-201.78,201.78,1,-18362.03
07-03-25,March,Краса,EVA,-853.48,853.48,1,-18160.25
07-03-25,March,Дім та ремонт,Аврора,-88,88,1,-17306.77
07-03-25,March,Одяг та взуття,ETOR,-1650,1650,1,-17218.77
07-03-25,March,Супермаркети та продукти,Alma,-108.06,108.06,1,-15568.77
07-03-25,March,Авто,"AZS 0715, V.LUCHKY",-999.84,999.84,1,-15460.71
06-03-25,March,Супермаркети та продукти,Alma,-331.52,331.52,1,-14460.87
06-03-25,March,Супермаркети та продукти,АТБ,-221.27,221.27,1,-14129.35
06-03-25,March,Аптеки,Аптека оптовых ц,-149.4,149.4,1,-13908.08
06-03-25,March,Супермаркети та продукти,Roshen,-164.84,164.84,1,-13758.68
05-03-25,March,Зарахування,"Кешбек 6.57UAH. (ПДФО 1.18UAH, ВЗ 0.33UAH)",5.06,5.06,0,-13593.84
05-03-25,March,Розваги,Agro-Market,-140,140,1,-13598.9
05-03-25,March,Супермаркети та продукти,Alma,-78.98,78.98,1,-13458.9
05-03-25,March,Кредити,Щомісячний платіж. «Оплата частинами». № 24120537696693,-323.19,323.19,1,-13379.92
04-03-25,March,Зарахування,"Кешбек 60.73UAH. (ПДФО 10.93UAH, ВЗ 3.04UAH)",46.76,46.76,0,-13056.73
04-03-25,March,Супермаркети та продукти,ВОПАК ЯРОЦЬКIЙ,-424.4,424.4,1,-13103.49
04-03-25,March,Медичні послуги,ОРТОДОНТИЧНА ПРИВАТНА ПРАКТИКА,-1600,1600,1,-12679.09
04-03-25,March,Зарахування,"Кешбек 8.6UAH. (ПДФО 1.55UAH, ВЗ 0.43UAH)",6.62,6.62,0,-11079.09
04-03-25,March,Аптеки,Мед-сервіс,-286.6,286.6,1,-11085.71
03-03-25,March,Зарахування,"Кешбек 30.87UAH. (ПДФО 5.56UAH, ВЗ 1.54UAH)",23.77,23.77,0,-10799.11
03-03-25,March,Авто,"AZS 0715, V.LUCHKY",-999.84,999.84,1,-10822.88
03-03-25,March,Дім та ремонт,Аврора,-29,29,1,-9823.04
03-03-25,March,Зарахування,"Кешбек 6UAH. (ПДФО 1.08UAH, ВЗ 0.3UAH)",4.62,4.62,0,-9794.04
03-03-25,March,Тварини,Магазин ЗооВет,-200,200,1,-9798.66
02-03-25,March,Зарахування зі своєї картки,Зі своєї картки *9770,37,37,0,-9598.66
02-03-25,March,Зарахування,"Кешбек 2.4UAH. (ПДФО 0.43UAH, ВЗ 0.12UAH)",1.85,1.85,0,-9635.66
01-03-25,March,"Ресторани, кафе, бари",ФОП Сидун Маряна Василивна,-80,80,1,-9637.51
01-03-25,March,Комуналка та Інтернет,"Газорозподільні мережі України. Коментар: Posluhy za rozpodil (dostavku) hazu, 0500118455, Fedelesh Ivan Vasylovych, vul. Lintura",-315.82,315.82,1,-9557.51
01-03-25,March,Комуналка та Інтернет,"Нафтогаз. Коментар: Plata za spozhytyi haz vid Bihari Vasyl Vasylovych, o/r: 130207393, vul. Lintura, bud.",-1069.79,1069.79,1,-9241.69
01-03-25,March,Комуналка та Інтернет,"АВЕ Мукачево, ТОВ. Коментар: Oplata za vyviz TPV o/r 9-17600 adresa s.Horonda, vul.Lintura (Lenina), bud. 38 vid Bi",-161,161,1,-8171.9
01-03-25,March,Комуналка та Інтернет,"Мукачівський район. Коментар: Za enerhopostachannia vid Fedelesh Ivan Vasyl'ovych, o/r 180830546, , 01.02.2025 - 28.02.2",-1586.28,1586.28,1,-8010.9
01-03-25,March,Зарахування,"Кешбек 15.16UAH. (ПДФО 2.73UAH, ВЗ 0.76UAH)",11.67,11.67,0,-6424.62
28-02-25,February,Супермаркети та продукти,Alma,-338,338,1,-6436.29
28-02-25,February,Супермаркети та продукти,АТБ,-167.4,167.4,1,-6098.29
28-02-25,February,Зарахування,"Кешбек 23.79UAH. (ПДФО 4.28UAH, ВЗ 1.19UAH)",18.32,18.32,0,-5930.89
28-02-25,February,Супермаркети та продукти,Roshen,-35.95,35.95,1,-5949.21
28-02-25,February,Аптеки,Мед-сервіс,-66.5,66.5,1,-5913.26
28-02-25,February,Аптеки,Аптека 35,-690.45,690.45,1,-5846.76
27-02-25,February,Зарахування,"Кешбек 5.22UAH. (ПДФО 0.94UAH, ВЗ 0.26UAH)",4.02,4.02,0,-5156.31
27-02-25,February,Супермаркети та продукти,АТБ,-174.13,174.13,1,-5160.33
27-02-25,February,Зарахування,"Кешбек 14.23UAH. (ПДФО 2.56UAH, ВЗ 0.71UAH)",10.96,10.96,0,-4986.2
27-02-25,February,"Ресторани, кафе, бари",ФОП Сидун Маряна Василивна,-284.63,284.63,1,-4997.16
27-02-25,February,Зарахування зі своєї картки,Зі своєї картки *9770,14089.62,14089.62,0,-4712.53
26-02-25,February,Зарахування,"Кешбек 8.74UAH. (ПДФО 1.57UAH, ВЗ 0.44UAH)",6.73,6.73,0,-18802.15
26-02-25,February,Аптеки,Аптека оптовых ц,-243.1,243.1,1,-18808.88
26-02-25,February,Дім та ремонт,Аврора,-29,29,1,-18565.78
26-02-25,February,Зарахування,"Кешбек 41.85UAH. (ПДФО 7.53UAH, ВЗ 2.09UAH)",32.23,32.23,0,-18536.78
25-02-25,February,Краса,EVA,-836.9,836.9,1,-18569.01
25-02-25,February,Зарахування,"Кешбек 8.24UAH. (ПДФО 1.48UAH, ВЗ 0.41UAH)",6.35,6.35,0,-17732.11
24-02-25,February,Супермаркети та продукти,АТБ,-274.8,274.8,1,-17738.46
24-02-25,February,Послуги,Нова пошта,-709.88,709.88,1,-17463.66
22-02-25,February,Зарахування,"Кешбек 10.2UAH. (ПДФО 1.84UAH, ВЗ 0.51UAH)",7.85,7.85,0,-16753.78
22-02-25,February,"Ресторани, кафе, бари",ФОП Сидун Маряна Василивна,-204,204,1,-16761.63
21-02-25,February,Зарахування,"Кешбек 5.7UAH. (ПДФО 1.03UAH, ВЗ 0.29UAH)",4.38,4.38,0,-16557.63
21-02-25,February,Супермаркети та продукти,НАШ МАГАЗИН,-190,190,1,-16562.01
21-02-25,February,Зарахування,"Кешбек 53.78UAH. (ПДФО 9.68UAH, ВЗ 2.69UAH)",41.41,41.41,0,-16372.01
21-02-25,February,Краса,EVA,-679,679,1,-16413.42
21-02-25,February,Краса,Prostor,-249,249,1,-15734.42
21-02-25,February,Супермаркети та продукти,Roshen,-123.35,123.35,1,-15485.42
21-02-25,February,Супермаркети та продукти,Alma,-122.77,122.77,1,-15362.07
21-02-25,February,Зарахування,"Кешбек 52.09UAH. (ПДФО 9.38UAH, ВЗ 2.6UAH)",40.11,40.11,0,-15239.3
21-02-25,February,Авто,"AZS 0715, V.LUCHKY",-999.84,999.84,1,-15279.41
20-02-25,February,Дім та ремонт,Аврора,-42,42,1,-14279.57
20-02-25,February,Зарахування,"Кешбек 2.1UAH. (ПДФО 0.38UAH, ВЗ 0.11UAH)",1.61,1.61,0,-14237.57
20-02-25,February,Дім та ремонт,Аврора,-42,42,1,-14239.18
20-02-25,February,Зарахування,"Кешбек 1.1UAH. (ПДФО 0.2UAH, ВЗ 0.06UAH)",0.84,0.84,0,-14197.18
20-02-25,February,Супермаркети та продукти,Roshen,-21.53,21.53,1,-14198.02
19-02-25,February,Транспорт,"MMKP MUKACHIVPASTRANS, MUKACHEVO",-15,15,1,-14176.49
18-02-25,February,Зарахування,"Кешбек 2.84UAH. (ПДФО 0.51UAH, ВЗ 0.14UAH)",2.19,2.19,0,-14161.49
18-02-25,February,Дім та ремонт,Аврора,-29,29,1,-14163.68
18-02-25,February,Аптеки,АНЦ,-46.2,46.2,1,-14134.68
17-02-25,February,Зарахування,"Кешбек 21.23UAH. (ПДФО 3.82UAH, ВЗ 1.06UAH)",16.35,16.35,0,-14088.48
17-02-25,February,Супермаркети та продукти,Сільпо,-707.53,707.53,1,-14104.83
17-02-25,February,Послуги,Укрпошта,-549,549,1,-13397.3
17-02-25,February,Заощадження,Зарахування зі Скарбнички,1.64,1.64,0,-12848.3
17-02-25,February,Зарахування,"Кешбек 8.75UAH. (ПДФО 1.58UAH, ВЗ 0.44UAH)",6.73,6.73,0,-12849.94
16-02-25,February,"Ресторани, кафе, бари",ФОП Сидун Маряна Василивна,-148,148,1,-12856.67
16-02-25,February,Дім та ремонт,ABC,-45,45,1,-12708.67
14-02-25,February,Зарахування зі своєї картки,Зі своєї картки *9770,2808.36,2808.36,0,-12663.67
14-02-25,February,Зарахування,"Кешбек 11.35UAH. (ПДФО 2.04UAH, ВЗ 0.57UAH)",8.74,8.74,0,-15472.03
14-02-25,February,Супермаркети та продукти,АТБ,-71.7,71.7,1,-15480.77
14-02-25,February,Супермаркети та продукти,АТБ,-156.8,156.8,1,-15409.07
14-02-25,February,Дім та ремонт,Аврора,-39,39,1,-15252.27
14-02-25,February,Супермаркети та продукти,Alma,-84.88,84.88,1,-15213.27
14-02-25,February,Зарахування,"Кешбек 75.29UAH. (ПДФО 13.55UAH, ВЗ 3.76UAH)",57.98,57.98,0,-15128.39
13-02-25,February,Авто,"AZS 0715, V.LUCHKY",-999.84,999.84,1,-15186.37
13-02-25,February,Супермаркети та продукти,Alma,-208.8,208.8,1,-14186.53
13-02-25,February,Супермаркети та продукти,АТБ,-452.31,452.31,1,-13977.73
13-02-25,February,Супермаркети та продукти,Roshen,-88.37,88.37,1,-13525.42
13-02-25,February,Дім та ремонт,Аврора,-29,29,1,-13437.05
13-02-25,February,Кредити,Щомісячний платіж. «Оплата частинами». № 24051336365252,-200.16,200.16,1,-13408.05
11-02-25,February,Супермаркети та продукти,АТБ,-45.8,45.8,1,-13207.89
11-02-25,February,Зарахування,"Кешбек 10.23UAH. (ПДФО 1.84UAH, ВЗ 0.51UAH)",7.88,7.88,0,-13162.09
11-02-25,February,Супермаркети та продукти,Roshen,-16.53,16.53,1,-13169.97
11-02-25,February,Аптеки,Мед-сервіс,-276,276,1,-13153.44
11-02-25,February,Дім та ремонт,Аврора,-29,29,1,-12877.44
10-02-25,February,Зарахування,"Кешбек 16.58UAH. (ПДФО 2.98UAH, ВЗ 0.83UAH)",12.77,12.77,0,-12848.44
10-02-25,February,Супермаркети та продукти,Alma,-269.29,269.29,1,-12861.21
10-02-25,February,Супермаркети та продукти,АТБ,-283.31,283.31,1,-12591.92
10-02-25,February,Зарахування зі своєї картки,Зі своєї картки *9770,1000,1000,0,-12308.61
10-02-25,February,Зарахування,"Кешбек 49.95UAH. (ПДФО 8.99UAH, ВЗ 2.5UAH)",38.46,38.46,0,-13308.61
10-02-25,February,Побутова техніка,Мiй Комп,-999,999,1,-13347.07
10-02-25,February,Послуги,Укрпошта,-1619.56,1619.56,1,-12348.07
10-02-25,February,Зарахування зі своєї картки,Зі своєї картки *3008,19.12,19.12,0,-10728.51
10-02-25,February,Заощадження,Зарахування зі Скарбнички,6,6,0,-10747.63
10-02-25,February,Зарахування,"Термінал самообслуговування: М МУКАЧЕВО, ВУЛ. ІВАНА ФЕДОРОВА, БУД. 6, ЦУМ",2000,2000,0,-10753.63
08-02-25,February,Зарахування,"Кешбек 4.8UAH. (ПДФО 0.86UAH, ВЗ 0.24UAH)",3.7,3.7,0,-12753.63
08-02-25,February,Супермаркети та продукти,Магазин ABC,-160,160,1,-12757.33
07-02-25,February,Зарахування,"Кешбек 34.68UAH. (ПДФО 6.24UAH, ВЗ 1.73UAH)",26.71,26.71,0,-12597.33
07-02-25,February,Супермаркети та продукти,Alma,-86.49,86.49,1,-12624.04
07-02-25,February,Краса,Prostor,-311,311,1,-12537.55
07-02-25,February,Супермаркети та продукти,Alma,-201.55,201.55,1,-12226.55
07-02-25,February,Краса,Prostor,-139,139,1,-12025
07-02-25,February,Аптеки,АПТЕКА ПОДОРОЖНИК,-97.25,97.25,1,-11886
07-02-25,February,Аптеки,Мед-сервіс,-20.8,20.8,1,-11788.75
07-02-25,February,Зарахування переказу,Бігарі В.,200,200,0,-11767.95
06-02-25,February,Зарахування,"Кешбек 22.09UAH. (ПДФО 3.98UAH, ВЗ 1.1UAH)",17.01,17.01,0,-11967.95
06-02-25,February,Супермаркети та продукти,Alma,-315.9,315.9,1,-11984.96
06-02-25,February,Супермаркети та продукти,АТБ,-224,224,1,-11669.06
06-02-25,February,"Ресторани, кафе, бари",Львівські круасани,-63,63,1,-11445.06
06-02-25,February,Дім та ремонт,Аврора,-29,29,1,-11382.06
06-02-25,February,Супермаркети та продукти,Roshen,-42.86,42.86,1,-11353.06
05-02-25,February,Зарахування,"Кешбек 5.37UAH. (ПДФО 0.97UAH, ВЗ 0.27UAH)",4.13,4.13,0,-11310.2
05-02-25,February,Супермаркети та продукти,Alma,-178.96,178.96,1,-11314.33
05-02-25,February,Кредити,Щомісячний платіж. «Оплата частинами». № 24120537696693,-323.19,323.19,1,-11135.37
04-02-25,February,Зарахування,"Кешбек 54.78UAH. (ПДФО 9.86UAH, ВЗ 2.74UAH)",42.18,42.18,0,-10812.18
04-02-25,February,Авто,"AZS 0715, V.LUCHKY",-999.56,999.56,1,-10854.36
04-02-25,February,Супермаркети та продукти,АТБ,-70.9,70.9,1,-9854.8
04-02-25,February,Аптеки,Мед-сервіс,-42.3,42.3,1,-9783.9
04-02-25,February,Краса,EVA,-27.99,27.99,1,-9741.6
03-02-25,February,Заощадження,Зарахування зі Скарбнички,7,7,0,-9713.61
03-02-25,February,Зарахування,"Кешбек 11.6UAH. (ПДФО 2.09UAH, ВЗ 0.58UAH)",8.93,8.93,0,-9720.61
03-02-25,February,Краса,Prostor,-232,232,1,-9729.54
03-02-25,February,Зарахування,"Кешбек 25.57UAH. (ПДФО 4.6UAH, ВЗ 1.28UAH)",19.69,19.69,0,-9497.54
03-02-25,February,Краса,EVA,-443.8,443.8,1,-9517.23
03-02-25,February,Дім та ремонт,Аврора,-29,29,1,-9073.43
02-02-25,February,Супермаркети та продукти,НАШ МАГАЗИН,-64.39,64.39,1,-9044.43
01-02-25,February,Зарахування,"Кешбек 5.7UAH. (ПДФО 1.03UAH, ВЗ 0.29UAH)",4.38,4.38,0,-8980.04
01-02-25,February,"Ресторани, кафе, бари",ФОП Сидун Маряна Василивна,-114,114,1,-8984.42
01-02-25,February,Комуналка та Інтернет,"Нафтогаз. Коментар: Plata za spozhytyi haz vid Bihari Vasyl' Vasyl'ovych, o/r: 130207393, vul. Lintura, bud.",-211.7,211.7,1,-8870.42
01-02-25,February,Комуналка та Інтернет,"АВЕ Мукачево, ТОВ. Коментар: Oplata za vyviz TPV o/r 9-17600 adresa s.Horonda, vul.Lintura (Lenina), bud. 38 vid Bi",-156.88,156.88,1,-8658.72
01-02-25,February,Комуналка та Інтернет,"Мукачівський район. Коментар: Za enerhopostachannia vid Fedelesh Ivan Vasyl'ovych, o/r 180830546, , 01.01.2025 - 31.01.2",-1549.56,1549.56,1,-8501.84
01-02-25,February,Комуналка та Інтернет,"Газорозподільні мережі України. Коментар: Posluhy za rozpodil (dostavku) hazu, 0500118455, Fedelesh Ivan Vasyl'ovych, vul. Lintura",-315.82,315.82,1,-6952.28
31-01-25,January,Зарахування,"Кешбек 4.93UAH. (ПДФО 0.89UAH, ВЗ 0.25UAH)",3.79,3.79,0,-6636.46
31-01-25,January,Супермаркети та продукти,Сільпо,-33,33,1,-6640.25
31-01-25,January,Супермаркети та продукти,Alma,-47.69,47.69,1,-6607.25
31-01-25,January,Супермаркети та продукти,Roshen,-83.53,83.53,1,-6559.56
31-01-25,January,Зарахування зі своєї картки,Зі своєї картки *9770,15029.62,15029.62,0,-6476.03
31-01-25,January,Зарахування,"Кешбек 5.38UAH. (ПДФО 0.97UAH, ВЗ 0.27UAH)",4.14,4.14,0,-21505.65
31-01-25,January,Супермаркети та продукти,АТБ,-179.2,179.2,1,-21509.79
30-01-25,January,Зарахування,"Кешбек 9.87UAH. (ПДФО 1.78UAH, ВЗ 0.49UAH)",7.6,7.6,0,-21330.59
30-01-25,January,Супермаркети та продукти,Alma,-76.48,76.48,1,-21338.19
30-01-25,January,Супермаркети та продукти,Alma,-252.77,252.77,1,-21261.71
30-01-25,January,Зарахування,"Кешбек 9.73UAH. (ПДФО 1.75UAH, ВЗ 0.49UAH)",7.49,7.49,0,-21008.94
29-01-25,January,Супермаркети та продукти,Alma,-219.08,219.08,1,-21016.43
29-01-25,January,Дім та ремонт,Аврора,-27,27,1,-20797.35
29-01-25,January,Супермаркети та продукти,Alma,-60.44,60.44,1,-20770.35
29-01-25,January,Послуги,Укрпошта,-439,439,1,-20709.91
27-01-25,January,Зарахування,"Кешбек 59.38UAH. (ПДФО 10.69UAH, ВЗ 2.97UAH)",45.72,45.72,0,-20270.91
27-01-25,January,Авто,"AZS 0715, V.LUCHKY",-999.56,999.56,1,-20316.63
27-01-25,January,Супермаркети та продукти,Alma,-135.27,135.27,1,-19317.07
27-01-25,January,Дім та ремонт,Епіцентр,-67.8,67.8,1,-19181.8
27-01-25,January,Дім та ремонт,Аврора,-39,39,1,-19114
26-01-25,January,Зарахування,"Кешбек 6.67UAH. (ПДФО 1.2UAH, ВЗ 0.33UAH)",5.14,5.14,0,-19075
26-01-25,January,"Ресторани, кафе, бари",ФОП Сидун Маряна Василивна,-133.37,133.37,1,-19080.14
24-01-25,January,Зарахування,"Кешбек 39.04UAH. (ПДФО 7.03UAH, ВЗ 1.95UAH)",30.06,30.06,0,-18946.77
24-01-25,January,Супермаркети та продукти,Alma,-264.47,264.47,1,-18976.83
24-01-25,January,Супермаркети та продукти,АТБ,-333.53,333.53,1,-18712.36
24-01-25,January,Супермаркети та продукти,Сільпо,-548.77,548.77,1,-18378.83
24-01-25,January,Супермаркети та продукти,Roshen,-83.53,83.53,1,-17830.06
24-01-25,January,Супермаркети та продукти,Alma,-71.07,71.07,1,-17746.53
23-01-25,January,Зарахування,"Кешбек 2.9UAH. (ПДФО 0.52UAH, ВЗ 0.15UAH)",2.23,2.23,0,-17675.46
23-01-25,January,Дім та ремонт,Аврора,-58,58,1,-17677.69
23-01-25,January,Заощадження,Зарахування зі Скарбнички,8.26,8.26,0,-17619.69
23-01-25,January,Кредити,Щомісячний платіж. «Оплата частинами». № 24112337556767,-313.17,313.17,1,-17627.95
22-01-25,January,Зарахування,"Кешбек 12.75UAH. (ПДФО 2.3UAH, ВЗ 0.64UAH)",9.81,9.81,0,-17314.78
22-01-25,January,Супермаркети та продукти,Alma,-27.03,27.03,1,-17324.59
22-01-25,January,Краса,EVA,-36.29,36.29,1,-17297.56
22-01-25,January,Супермаркети та продукти,Roshen,-337.73,337.73,1,-17261.27
22-01-25,January,Зарахування,"Кешбек 4.5UAH. (ПДФО 0.81UAH, ВЗ 0.23UAH)",3.46,3.46,0,-16923.54
22-01-25,January,Краса,Prostor,-89.9,89.9,1,-16927
21-01-25,January,Зарахування,"Кешбек 8.43UAH. (ПДФО 1.52UAH, ВЗ 0.42UAH)",6.49,6.49,0,-16837.1
21-01-25,January,Супермаркети та продукти,АТБ,-182.8,182.8,1,-16843.59
21-01-25,January,Краса,EVA,-29.99,29.99,1,-16660.79
21-01-25,January,Дім та ремонт,Аврора,-29,29,1,-16630.8
21-01-25,January,Зарахування,"Кешбек 63.09UAH. (ПДФО 11.36UAH, ВЗ 3.15UAH)",48.58,48.58,0,-16601.8
20-01-25,January,Авто,"AZS 0715, V.LUCHKY",-1148.95,1148.95,1,-16650.38
20-01-25,January,Супермаркети та продукти,Alma,-187.94,187.94,1,-15501.43
17-01-25,January,Зарахування зі своєї картки,Зі своєї картки *3008,3.85,3.85,0,-15313.49
17-01-25,January,Зарахування,"Кешбек 12.75UAH. (ПДФО 2.3UAH, ВЗ 0.64UAH)",9.81,9.81,0,-15317.34
17-01-25,January,Супермаркети та продукти,Alma,-212.56,212.56,1,-15327.15
17-01-25,January,Супермаркети та продукти,АТБ,-167.4,167.4,1,-15114.59
17-01-25,January,Дім та ремонт,Аврора,-27,27,1,-14947.19
17-01-25,January,Зарахування зі своєї картки,Зі своєї картки *9770,800,800,0,-14920.19
17-01-25,January,Зарахування,"Кешбек 3.53UAH. (ПДФО 0.64UAH, ВЗ 0.18UAH)",2.71,2.71,0,-15720.19
17-01-25,January,Супермаркети та продукти,Roshen,-70.12,70.12,1,-15722.9
17-01-25,January,Супермаркети та продукти,Alma,-47.69,47.69,1,-15652.78
17-01-25,January,Зарахування,"Кешбек 8.1UAH. (ПДФО 1.46UAH, ВЗ 0.41UAH)",6.23,6.23,0,-15605.09
17-01-25,January,Аптеки,Аптека Оптових Цiн,-269.9,269.9,1,-15611.32
17-01-25,January,Зарахування,"Кешбек 4.51UAH. (ПДФО 0.81UAH, ВЗ 0.23UAH)",3.47,3.47,0,-15341.42
17-01-25,January,Супермаркети та продукти,АТБ,-150.2,150.2,1,-15344.89
16-01-25,January,Зарахування,"Кешбек 79.87UAH. (ПДФО 14.38UAH, ВЗ 3.99UAH)",61.5,61.5,0,-15194.69
16-01-25,January,Медичні послуги,ОРТОДОНТИЧНА ПРИВАТНА ПРАКТИКА,-1200,1200,1,-15256.19
16-01-25,January,Супермаркети та продукти,АТБ,-462.35,462.35,1,-14056.19
16-01-25,January,Супермаркети та продукти,Roshen,-200.06,200.06,1,-13593.84
15-01-25,January,Зарахування,"Кешбек 11.71UAH. (ПДФО 2.11UAH, ВЗ 0.59UAH)",9.01,9.01,0,-13393.78
15-01-25,January,Супермаркети та продукти,Сільпо,-390.25,390.25,1,-13402.79
15-01-25,January,Зарахування,"Кешбек 49.99UAH. (ПДФО 9UAH, ВЗ 2.5UAH)",38.49,38.49,0,-13012.54
15-01-25,January,Авто,"AZS 0715, V.LUCHKY",-999.87,999.87,1,-13051.03
14-01-25,January,Зарахування,"Кешбек 8.64UAH. (ПДФО 1.56UAH, ВЗ 0.43UAH)",6.65,6.65,0,-12051.16
14-01-25,January,Супермаркети та продукти,Alma,-287.88,287.88,1,-12057.81
14-01-25,January,Зарахування,"Кешбек 9.1UAH. (ПДФО 1.64UAH, ВЗ 0.46UAH)",7,7,0,-11769.93
14-01-25,January,Дім та ремонт,Аврора,-182,182,1,-11776.93
13-01-25,January,Зарахування,"Кешбек 21.08UAH. (ПДФО 3.79UAH, ВЗ 1.05UAH)",16.24,16.24,0,-11594.93
13-01-25,January,Супермаркети та продукти,Alma,-310.15,310.15,1,-11611.17
13-01-25,January,Супермаркети та продукти,АТБ,-121.5,121.5,1,-11301.02
13-01-25,January,Аптеки,Аптека 21 Здорова Родина,-270.85,270.85,1,-11179.52
13-01-25,January,Кредити,Щомісячний платіж. «Оплата частинами». № 24051336365252,-200.16,200.16,1,-10908.67
10-01-25,January,Зарахування,"Кешбек 6.39UAH. (ПДФО 1.15UAH, ВЗ 0.32UAH)",4.92,4.92,0,-10708.51
10-01-25,January,Супермаркети та продукти,Alma,-129.07,129.07,1,-10713.43
10-01-25,January,Супермаркети та продукти,Roshen,-83.85,83.85,1,-10584.36
10-01-25,January,Зарахування,"Кешбек 3.61UAH. (ПДФО 0.65UAH, ВЗ 0.18UAH)",2.78,2.78,0,-10500.51
10-01-25,January,Супермаркети та продукти,Сільпо,-120.24,120.24,1,-10503.29
10-01-25,January,Зарахування,"Кешбек 40.88UAH. (ПДФО 7.36UAH, ВЗ 2.04UAH)",31.48,31.48,0,-10383.05
10-01-25,January,Побутова техніка,Мiй Комп,-545,545,1,-10414.53
10-01-25,January,Аптеки,"APTEKA 15, MUKACHEVO",-454.32,454.32,1,-9869.53
09-01-25,January,Зарахування,"Кешбек 30.85UAH. (ПДФО 5.55UAH, ВЗ 1.54UAH)",23.76,23.76,0,-9415.21
09-01-25,January,Краса,EVA,-563,563,1,-9438.97
09-01-25,January,Дім та ремонт,Аврора,-54,54,1,-8875.97
08-01-25,January,Зарахування,"Кешбек 22.4UAH. (ПДФО 4.03UAH, ВЗ 1.12UAH)",17.25,17.25,0,-8821.97
08-01-25,January,Краса,EVA,-448,448,1,-8839.22
08-01-25,January,Зарахування,"Кешбек 13.8UAH. (ПДФО 2.48UAH, ВЗ 0.69UAH)",10.63,10.63,0,-8391.22
08-01-25,January,Краса,EVA,-276,276,1,-8401.85
06-01-25,January,Зарахування,"Кешбек 8.95UAH. (ПДФО 1.61UAH, ВЗ 0.45UAH)",6.89,6.89,0,-8125.85
06-01-25,January,Дім та ремонт,Аврора,-179,179,1,-8132.74
06-01-25,January,Зарахування,"Кешбек 75.85UAH. (ПДФО 13.65UAH, ВЗ 3.79UAH)",58.41,58.41,0,-7953.74
06-01-25,January,Аптеки,Аптека 35,-145.7,145.7,1,-8012.15
06-01-25,January,Побутова техніка,ТелеСвiт,-50,50,1,-7866.45
06-01-25,January,Послуги,Укрпошта,-331,331,1,-7816.45
06-01-25,January,"Ресторани, кафе, бари",ФОП Сидун Маряна Василивна,-332.03,332.03,1,-7485.45
06-01-25,January,Супермаркети та продукти,АТБ,-79.5,79.5,1,-7153.42
06-01-25,January,Авто,"AZS 0715, V.LUCHKY",-999.87,999.87,1,-7073.92
05-01-25,January,Зарахування,"Кешбек 7.45UAH. (ПДФО 1.34UAH, ВЗ 0.37UAH)",5.74,5.74,0,-6074.05
05-01-25,January,"Ресторани, кафе, бари",ФОП Сидун Маряна Василивна,-149,149,1,-6079.79
05-01-25,January,Кредити,Щомісячний платіж. «Оплата частинами». № 24120537696693,-323.19,323.19,1,-5930.79
04-01-25,January,Зарахування зі своєї картки,Зі своєї картки *9770,1000,1000,0,-5607.6
03-01-25,January,Зарахування,"Кешбек 41.24UAH. (ПДФО 7.42UAH, ВЗ 2.06UAH)",31.76,31.76,0,-6607.6
03-01-25,January,"Ресторани, кафе, бари",ФОП Сидун Маряна Василивна,-186,186,1,-6639.36
03-01-25,January,Супермаркети та продукти,Roshen,-71.84,71.84,1,-6453.36
03-01-25,January,Супермаркети та продукти,Alma,-124.76,124.76,1,-6381.52
03-01-25,January,Краса,EVA,-503.39,503.39,1,-6256.76
03-01-25,January,Аптеки,"BAZHAIEMO ZDOROVIA, MUKACHEVO",-29.06,29.06,1,-5753.37
03-01-25,January,Зарахування,"Кешбек 72.05UAH. (ПДФО 12.97UAH, ВЗ 3.6UAH)",55.48,55.48,0,-5724.31
03-01-25,January,Супермаркети та продукти,ТИСА,-235,235,1,-5779.79
03-01-25,January,Медичні послуги,"optyka EYE MED, ploshcha Kyryla i Mefodiya bud",-1300,1300,1,-5544.79
03-01-25,January,Зарахування,"Кешбек 13.76UAH. (ПДФО 2.48UAH, ВЗ 0.69UAH)",10.59,10.59,0,-4244.79
03-01-25,January,Супермаркети та продукти,АТБ,-458.65,458.65,1,-4255.38
02-01-25,January,Зарахування,"Кешбек 20.2UAH. (ПДФО 3.64UAH, ВЗ 1.01UAH)",15.55,15.55,0,-3796.73
02-01-25,January,Супермаркети та продукти,Alma,-274.37,274.37,1,-3812.28
02-01-25,January,Супермаркети та продукти,АТБ,-398.9,398.9,1,-3537.91
02-01-25,January,Зарахування,"Кешбек 6.26UAH. (ПДФО 1.13UAH, ВЗ 0.31UAH)",4.82,4.82,0,-3139.01
02-01-25,January,Супермаркети та продукти,Сільпо,-208.81,208.81,1,-3143.83
02-01-25,January,Зарахування,"Кешбек 16.51UAH. (ПДФО 2.97UAH, ВЗ 0.83UAH)",12.71,12.71,0,-2935.02
02-01-25,January,Супермаркети та продукти,АТБ,-550.49,550.49,1,-2947.73
02-01-25,January,Зарахування зі своєї картки,Зі своєї картки *9770,7,7,0,-2397.24
01-01-25,January,Заощадження,Зарахування зі Скарбнички,8.15,8.15,0,-2404.24
01-01-25,January,Зарахування,"Кешбек 5.48UAH. (ПДФО 0.99UAH, ВЗ 0.27UAH)",4.22,4.22,0,-2412.39
